-- phpMyAdmin SQL Dump
-- version 3.5.2.2
-- http://www.phpmyadmin.net
--
-- Inang: 127.0.0.1
-- Waktu pembuatan: 10 Jul 2019 pada 07.19
-- Versi Server: 5.5.27
-- Versi PHP: 5.4.7

SET SQL_MODE="NO_AUTO_VALUE_ON_ZERO";
SET time_zone = "+00:00";


/*!40101 SET @OLD_CHARACTER_SET_CLIENT=@@CHARACTER_SET_CLIENT */;
/*!40101 SET @OLD_CHARACTER_SET_RESULTS=@@CHARACTER_SET_RESULTS */;
/*!40101 SET @OLD_COLLATION_CONNECTION=@@COLLATION_CONNECTION */;
/*!40101 SET NAMES utf8 */;

--
-- Basis data: `db_penjualan`
--

-- --------------------------------------------------------

--
-- Struktur dari tabel `bulan`
--

CREATE TABLE IF NOT EXISTS `bulan` (
  `id_bulan` int(11) NOT NULL AUTO_INCREMENT,
  `bulan` varchar(20) NOT NULL,
  PRIMARY KEY (`id_bulan`)
) ENGINE=InnoDB  DEFAULT CHARSET=latin1 AUTO_INCREMENT=13 ;

--
-- Dumping data untuk tabel `bulan`
--

INSERT INTO `bulan` (`id_bulan`, `bulan`) VALUES
(1, 'Januari'),
(2, 'Februari'),
(3, 'Maret'),
(4, 'April'),
(5, 'Mei'),
(6, 'Juni'),
(7, 'Juli'),
(8, 'Agustus'),
(9, 'September'),
(10, 'Oktober'),
(11, 'November'),
(12, 'Desember');

-- --------------------------------------------------------

--
-- Struktur dari tabel `penjualan`
--

CREATE TABLE IF NOT EXISTS `penjualan` (
  `id_penjualan` int(11) NOT NULL AUTO_INCREMENT,
  `id_produk` int(11) NOT NULL,
  `id_bulan` int(11) NOT NULL,
  `id_tahun` int(11) NOT NULL,
  `penjualan_produk` int(11) NOT NULL,
  PRIMARY KEY (`id_penjualan`)
) ENGINE=InnoDB  DEFAULT CHARSET=latin1 AUTO_INCREMENT=3855 ;

--
-- Dumping data untuk tabel `penjualan`
--

INSERT INTO `penjualan` (`id_penjualan`, `id_produk`, `id_bulan`, `id_tahun`, `penjualan_produk`) VALUES
(1, 7, 1, 1, 6),
(2, 7, 1, 1, 20),
(3, 7, 1, 1, 5),
(4, 7, 1, 1, 1),
(5, 7, 1, 1, 4),
(6, 7, 1, 1, 50),
(7, 7, 1, 1, 10),
(8, 7, 1, 1, 35),
(9, 7, 1, 1, 10),
(10, 7, 1, 1, 20),
(11, 7, 1, 1, 25),
(12, 7, 1, 1, 50),
(13, 7, 1, 1, 5),
(14, 7, 1, 1, 5),
(15, 7, 1, 1, 1),
(16, 7, 1, 1, 4),
(17, 7, 1, 1, 3),
(18, 7, 1, 1, 4),
(19, 7, 1, 1, 1),
(20, 7, 1, 1, 1),
(21, 7, 1, 1, 10),
(22, 7, 1, 1, 2),
(23, 7, 1, 1, 4),
(24, 7, 1, 1, 16),
(25, 7, 1, 1, 2),
(26, 7, 1, 1, 50),
(27, 7, 1, 1, 30),
(28, 7, 1, 1, 10),
(29, 7, 1, 1, 15),
(30, 7, 1, 1, 5),
(31, 7, 1, 1, 20),
(32, 7, 1, 1, 4),
(33, 7, 1, 1, 1),
(34, 7, 1, 1, 20),
(35, 7, 1, 1, 10),
(36, 7, 1, 1, 10),
(37, 7, 1, 1, 8),
(38, 7, 1, 1, 5),
(39, 7, 1, 1, 47),
(40, 7, 1, 1, 8),
(41, 7, 1, 1, 50),
(42, 7, 1, 1, 10),
(43, 8, 1, 1, 50),
(44, 8, 1, 1, 42),
(45, 8, 1, 1, 2),
(46, 8, 1, 1, 5),
(47, 8, 1, 1, 20),
(48, 8, 1, 1, 15),
(49, 8, 1, 1, 15),
(50, 8, 1, 1, 10),
(51, 8, 1, 1, 5),
(52, 8, 1, 1, 30),
(53, 8, 1, 1, 20),
(54, 8, 1, 1, 5),
(55, 8, 1, 1, 25),
(56, 8, 1, 1, 20),
(57, 8, 1, 1, 1),
(58, 8, 1, 1, 15),
(59, 8, 1, 1, 10),
(60, 8, 1, 1, 1),
(61, 6, 1, 1, 1),
(62, 6, 1, 1, 2),
(63, 6, 1, 1, 1),
(64, 6, 1, 1, 2),
(65, 6, 1, 1, 10),
(66, 6, 1, 1, 15),
(67, 6, 1, 1, 4),
(68, 6, 1, 1, 3),
(69, 6, 1, 1, 2),
(70, 6, 1, 1, 2),
(71, 6, 1, 1, 8),
(72, 6, 1, 1, 20),
(73, 6, 1, 1, 1),
(74, 6, 1, 1, 10),
(75, 6, 1, 1, 1),
(76, 6, 1, 1, 2),
(77, 6, 1, 1, 12),
(78, 6, 1, 1, 2),
(79, 6, 1, 1, 1),
(80, 6, 1, 1, 2),
(81, 6, 1, 1, 10),
(82, 4, 1, 1, 4),
(83, 4, 1, 1, 4),
(84, 4, 1, 1, 2),
(85, 4, 1, 1, 12),
(86, 4, 1, 1, 1),
(87, 4, 1, 1, 2),
(88, 4, 1, 1, 2),
(89, 4, 1, 1, 1),
(90, 4, 1, 1, 3),
(91, 4, 1, 1, 25),
(92, 4, 1, 1, 1),
(93, 4, 1, 1, 1),
(94, 4, 1, 1, 2),
(95, 4, 1, 1, 8),
(96, 4, 1, 1, 2),
(97, 4, 1, 1, 1),
(98, 4, 1, 1, 2),
(99, 4, 1, 1, 1),
(100, 4, 1, 1, 1),
(101, 4, 1, 1, 1),
(102, 4, 1, 1, 1),
(103, 4, 1, 1, 1),
(104, 4, 1, 1, 15),
(105, 4, 1, 1, 4),
(106, 4, 1, 1, 1),
(107, 4, 1, 1, 1),
(108, 4, 1, 1, 1),
(109, 4, 1, 1, 2),
(110, 4, 1, 1, 5),
(111, 4, 1, 1, 1),
(112, 4, 1, 1, 20),
(113, 4, 1, 1, 3),
(114, 5, 1, 1, 1),
(115, 5, 1, 1, 2),
(116, 5, 1, 1, 3),
(117, 5, 1, 1, 4),
(118, 5, 1, 1, 1),
(119, 5, 1, 1, 20),
(120, 5, 1, 1, 1),
(121, 5, 1, 1, 5),
(122, 5, 1, 1, 13),
(123, 5, 1, 1, 8),
(124, 5, 1, 1, 4),
(125, 5, 1, 1, 1),
(126, 5, 1, 1, 1),
(127, 5, 1, 1, 1),
(128, 5, 1, 1, 18),
(129, 5, 1, 1, 22),
(130, 5, 1, 1, 2),
(131, 5, 1, 1, 2),
(132, 5, 1, 1, 2),
(133, 5, 1, 1, 10),
(134, 5, 1, 1, 6),
(135, 5, 1, 1, 1),
(136, 5, 1, 1, 1),
(137, 14, 1, 1, 10),
(138, 14, 1, 1, 9),
(139, 14, 1, 1, 1),
(140, 14, 1, 1, 5),
(141, 14, 1, 1, 2),
(142, 14, 1, 1, 1),
(143, 14, 1, 1, 4),
(144, 14, 1, 1, 1),
(145, 14, 1, 1, 1),
(146, 14, 1, 1, 1),
(147, 14, 1, 1, 15),
(148, 14, 1, 1, 4),
(149, 14, 1, 1, 4),
(150, 14, 1, 1, 17),
(151, 14, 1, 1, 24),
(152, 14, 1, 1, 1),
(153, 14, 1, 1, 2),
(154, 14, 1, 1, 1),
(155, 14, 1, 1, 1),
(156, 14, 1, 1, 1),
(157, 14, 1, 1, 6),
(158, 14, 1, 1, 20),
(159, 14, 1, 1, 4),
(160, 14, 1, 1, 1),
(161, 14, 1, 1, 2),
(162, 14, 1, 1, 1),
(163, 14, 1, 1, 10),
(164, 14, 1, 1, 5),
(165, 15, 1, 1, 2),
(166, 15, 1, 1, 6),
(167, 15, 1, 1, 1),
(168, 15, 1, 1, 5),
(169, 15, 1, 1, 12),
(170, 15, 1, 1, 1),
(171, 15, 1, 1, 1),
(172, 15, 1, 1, 20),
(173, 15, 1, 1, 1),
(174, 15, 1, 1, 2),
(175, 15, 1, 1, 2),
(176, 15, 1, 1, 1),
(177, 15, 1, 1, 14),
(178, 15, 1, 1, 1),
(179, 15, 1, 1, 1),
(180, 15, 1, 1, 10),
(181, 15, 1, 1, 2),
(182, 15, 1, 1, 2),
(183, 15, 1, 1, 8),
(184, 15, 1, 1, 1),
(185, 15, 1, 1, 5),
(186, 1, 1, 1, 6),
(187, 1, 1, 1, 25),
(188, 1, 1, 1, 10),
(189, 1, 1, 1, 5),
(190, 1, 1, 1, 15),
(191, 1, 1, 1, 20),
(192, 1, 1, 1, 10),
(193, 1, 1, 1, 8),
(194, 1, 1, 1, 14),
(195, 2, 1, 1, 22),
(196, 2, 1, 1, 50),
(197, 2, 1, 1, 16),
(198, 2, 1, 1, 7),
(199, 2, 1, 1, 46),
(200, 3, 1, 1, 10),
(201, 3, 1, 1, 26),
(202, 3, 1, 1, 25),
(203, 3, 1, 1, 50),
(204, 3, 1, 1, 10),
(205, 3, 1, 1, 3),
(206, 3, 1, 1, 1),
(207, 3, 1, 1, 25),
(208, 9, 1, 1, 12),
(209, 9, 1, 1, 10),
(210, 9, 1, 1, 8),
(211, 9, 1, 1, 40),
(212, 9, 1, 1, 36),
(213, 9, 1, 1, 42),
(214, 9, 1, 1, 2),
(215, 9, 1, 1, 15),
(216, 9, 1, 1, 40),
(217, 9, 1, 1, 6),
(218, 9, 1, 1, 1),
(219, 10, 1, 1, 15),
(220, 10, 1, 1, 45),
(221, 10, 1, 1, 22),
(222, 10, 1, 1, 25),
(223, 10, 1, 1, 10),
(224, 10, 1, 1, 6),
(225, 10, 1, 1, 1),
(226, 11, 1, 1, 3),
(227, 11, 1, 1, 12),
(228, 11, 1, 1, 20),
(229, 11, 1, 1, 2),
(230, 11, 1, 1, 42),
(231, 11, 1, 1, 50),
(232, 11, 1, 1, 2),
(233, 11, 1, 1, 10),
(234, 11, 1, 1, 10),
(235, 11, 1, 1, 1),
(236, 11, 1, 1, 3),
(237, 11, 1, 1, 4),
(238, 12, 1, 1, 24),
(239, 12, 1, 1, 11),
(240, 12, 1, 1, 10),
(241, 12, 1, 1, 33),
(242, 12, 1, 1, 6),
(243, 12, 1, 1, 1),
(244, 12, 1, 1, 40),
(245, 12, 1, 1, 10),
(246, 12, 1, 1, 69),
(247, 13, 1, 1, 35),
(248, 13, 1, 1, 14),
(249, 13, 1, 1, 10),
(250, 13, 1, 1, 70),
(251, 13, 1, 1, 40),
(252, 13, 1, 1, 25),
(253, 13, 1, 1, 4),
(254, 13, 1, 1, 12),
(255, 13, 1, 1, 12),
(256, 13, 1, 1, 1),
(257, 13, 1, 1, 20),
(258, 13, 1, 1, 65),
(259, 13, 1, 1, 15),
(260, 13, 1, 1, 2),
(261, 13, 1, 1, 15),
(262, 13, 1, 1, 1),
(263, 7, 2, 1, 5),
(264, 7, 2, 1, 20),
(265, 7, 2, 1, 3),
(266, 7, 2, 1, 15),
(267, 7, 2, 1, 3),
(268, 7, 2, 1, 50),
(269, 7, 2, 1, 5),
(270, 7, 2, 1, 3),
(271, 7, 2, 1, 4),
(272, 7, 2, 1, 20),
(273, 7, 2, 1, 30),
(274, 7, 2, 1, 5),
(275, 7, 2, 1, 12),
(276, 7, 2, 1, 5),
(277, 7, 2, 1, 10),
(278, 7, 2, 1, 4),
(279, 7, 2, 1, 35),
(280, 7, 2, 1, 10),
(281, 7, 2, 1, 1),
(282, 7, 2, 1, 1),
(283, 7, 2, 1, 25),
(284, 7, 2, 1, 50),
(285, 7, 2, 1, 5),
(286, 7, 2, 1, 5),
(287, 7, 2, 1, 2),
(288, 7, 2, 1, 10),
(289, 7, 2, 1, 5),
(290, 7, 2, 1, 60),
(291, 7, 2, 1, 8),
(292, 7, 2, 1, 50),
(293, 7, 2, 1, 35),
(294, 8, 2, 1, 20),
(295, 8, 2, 1, 5),
(296, 8, 2, 1, 1),
(297, 8, 2, 1, 1),
(298, 8, 2, 1, 4),
(299, 8, 2, 1, 45),
(300, 8, 2, 1, 1),
(301, 8, 2, 1, 1),
(302, 8, 2, 1, 10),
(303, 8, 2, 1, 5),
(304, 8, 2, 1, 10),
(305, 8, 2, 1, 15),
(306, 8, 2, 1, 1),
(307, 8, 2, 1, 3),
(308, 8, 2, 1, 44),
(309, 8, 2, 1, 30),
(310, 8, 2, 1, 2),
(311, 8, 2, 1, 1),
(312, 8, 2, 1, 1),
(313, 8, 2, 1, 10),
(314, 8, 2, 1, 20),
(315, 8, 2, 1, 20),
(316, 8, 2, 1, 1),
(317, 6, 2, 1, 15),
(318, 6, 2, 1, 4),
(319, 6, 2, 1, 1),
(320, 6, 2, 1, 22),
(321, 6, 2, 1, 1),
(322, 6, 2, 1, 8),
(323, 6, 2, 1, 20),
(324, 6, 2, 1, 1),
(325, 6, 2, 1, 12),
(326, 6, 2, 1, 10),
(327, 6, 2, 1, 1),
(328, 6, 2, 1, 2),
(329, 6, 2, 1, 10),
(330, 6, 2, 1, 1),
(331, 6, 2, 1, 13),
(332, 6, 2, 1, 2),
(333, 4, 2, 1, 10),
(334, 4, 2, 1, 1),
(335, 4, 2, 1, 1),
(336, 4, 2, 1, 2),
(337, 4, 2, 1, 5),
(338, 4, 2, 1, 2),
(339, 4, 2, 1, 1),
(340, 4, 2, 1, 1),
(341, 4, 2, 1, 12),
(342, 4, 2, 1, 15),
(343, 4, 2, 1, 10),
(344, 4, 2, 1, 1),
(345, 4, 2, 1, 1),
(346, 4, 2, 1, 2),
(347, 4, 2, 1, 2),
(348, 4, 2, 1, 20),
(349, 4, 2, 1, 1),
(350, 4, 2, 1, 1),
(351, 4, 2, 1, 1),
(352, 4, 2, 1, 5),
(353, 4, 2, 1, 4),
(354, 4, 2, 1, 1),
(355, 4, 2, 1, 2),
(356, 4, 2, 1, 5),
(357, 4, 2, 1, 1),
(358, 4, 2, 1, 1),
(359, 5, 2, 1, 1),
(360, 5, 2, 1, 1),
(361, 5, 2, 1, 1),
(362, 5, 2, 1, 20),
(363, 5, 2, 1, 5),
(364, 5, 2, 1, 10),
(365, 5, 2, 1, 10),
(366, 5, 2, 1, 5),
(367, 5, 2, 1, 1),
(368, 5, 2, 1, 2),
(369, 5, 2, 1, 2),
(370, 5, 2, 1, 3),
(371, 5, 2, 1, 1),
(372, 5, 2, 1, 1),
(373, 5, 2, 1, 4),
(374, 5, 2, 1, 1),
(375, 5, 2, 1, 1),
(376, 5, 2, 1, 20),
(377, 5, 2, 1, 14),
(378, 5, 2, 1, 1),
(379, 5, 2, 1, 2),
(380, 5, 2, 1, 2),
(381, 5, 2, 1, 20),
(382, 5, 2, 1, 8),
(383, 5, 2, 1, 4),
(384, 5, 2, 1, 1),
(385, 14, 2, 1, 1),
(386, 14, 2, 1, 4),
(387, 14, 2, 1, 4),
(388, 14, 2, 1, 4),
(389, 14, 2, 1, 5),
(390, 14, 2, 1, 4),
(391, 14, 2, 1, 1),
(392, 14, 2, 1, 4),
(393, 14, 2, 1, 5),
(394, 14, 2, 1, 10),
(395, 14, 2, 1, 2),
(396, 14, 2, 1, 1),
(397, 14, 2, 1, 10),
(398, 14, 2, 1, 22),
(399, 14, 2, 1, 1),
(400, 14, 2, 1, 15),
(401, 14, 2, 1, 5),
(402, 14, 2, 1, 1),
(403, 14, 2, 1, 20),
(404, 15, 2, 1, 2),
(405, 15, 2, 1, 1),
(406, 15, 2, 1, 1),
(407, 15, 2, 1, 4),
(408, 15, 2, 1, 10),
(409, 15, 2, 1, 1),
(410, 15, 2, 1, 1),
(411, 15, 2, 1, 2),
(412, 15, 2, 1, 2),
(413, 15, 2, 1, 5),
(414, 15, 2, 1, 5),
(415, 15, 2, 1, 4),
(416, 15, 2, 1, 15),
(417, 15, 2, 1, 12),
(418, 15, 2, 1, 10),
(419, 15, 2, 1, 1),
(420, 15, 2, 1, 1),
(421, 15, 2, 1, 2),
(422, 15, 2, 1, 2),
(423, 15, 2, 1, 1),
(424, 15, 2, 1, 2),
(425, 1, 2, 1, 25),
(426, 1, 2, 1, 2),
(427, 1, 2, 1, 32),
(428, 1, 2, 1, 40),
(429, 1, 2, 1, 1),
(430, 1, 2, 1, 2),
(431, 2, 2, 1, 40),
(432, 2, 2, 1, 35),
(433, 2, 2, 1, 16),
(434, 2, 2, 1, 8),
(435, 2, 2, 1, 10),
(436, 3, 2, 1, 10),
(437, 3, 2, 1, 2),
(438, 3, 2, 1, 10),
(439, 3, 2, 1, 40),
(440, 3, 2, 1, 10),
(441, 3, 2, 1, 20),
(442, 3, 2, 1, 25),
(443, 3, 2, 1, 4),
(444, 3, 2, 1, 18),
(445, 3, 2, 1, 3),
(446, 3, 2, 1, 38),
(447, 9, 2, 1, 15),
(448, 9, 2, 1, 2),
(449, 9, 2, 1, 10),
(450, 9, 2, 1, 10),
(451, 9, 2, 1, 10),
(452, 9, 2, 1, 4),
(453, 9, 2, 1, 1),
(454, 9, 2, 1, 22),
(455, 9, 2, 1, 10),
(456, 9, 2, 1, 15),
(457, 9, 2, 1, 70),
(458, 9, 2, 1, 24),
(459, 9, 2, 1, 8),
(460, 10, 2, 1, 2),
(461, 10, 2, 1, 40),
(462, 10, 2, 1, 1),
(463, 10, 2, 1, 2),
(464, 10, 2, 1, 6),
(465, 10, 2, 1, 32),
(466, 10, 2, 1, 40),
(467, 10, 2, 1, 10),
(468, 10, 2, 1, 15),
(469, 10, 2, 1, 15),
(470, 10, 2, 1, 27),
(471, 11, 2, 1, 38),
(472, 11, 2, 1, 42),
(473, 11, 2, 1, 6),
(474, 11, 2, 1, 17),
(475, 11, 2, 1, 10),
(476, 11, 2, 1, 10),
(477, 11, 2, 1, 1),
(478, 11, 2, 1, 55),
(479, 11, 2, 1, 5),
(480, 12, 2, 1, 68),
(481, 12, 2, 1, 1),
(482, 12, 2, 1, 1),
(483, 12, 2, 1, 15),
(484, 12, 2, 1, 2),
(485, 12, 2, 1, 15),
(486, 12, 2, 1, 34),
(487, 12, 2, 1, 2),
(488, 12, 2, 1, 26),
(489, 13, 2, 1, 5),
(490, 13, 2, 1, 25),
(491, 13, 2, 1, 10),
(492, 13, 2, 1, 12),
(493, 13, 2, 1, 4),
(494, 13, 2, 1, 34),
(495, 13, 2, 1, 29),
(496, 13, 2, 1, 31),
(497, 13, 2, 1, 18),
(498, 13, 2, 1, 50),
(499, 13, 2, 1, 20),
(500, 13, 2, 1, 22),
(501, 13, 2, 1, 4),
(502, 7, 3, 1, 10),
(503, 7, 3, 1, 2),
(504, 7, 3, 1, 23),
(505, 7, 3, 1, 10),
(506, 7, 3, 1, 5),
(507, 7, 3, 1, 15),
(508, 7, 3, 1, 10),
(509, 7, 3, 1, 5),
(510, 7, 3, 1, 3),
(511, 7, 3, 1, 1),
(512, 7, 3, 1, 1),
(513, 7, 3, 1, 2),
(514, 7, 3, 1, 1),
(515, 7, 3, 1, 30),
(516, 7, 3, 1, 4),
(517, 7, 3, 1, 10),
(518, 7, 3, 1, 9),
(519, 7, 3, 1, 4),
(520, 7, 3, 1, 10),
(521, 7, 3, 1, 5),
(522, 7, 3, 1, 15),
(523, 7, 3, 1, 1),
(524, 7, 3, 1, 30),
(525, 7, 3, 1, 1),
(526, 7, 3, 1, 5),
(527, 7, 3, 1, 5),
(528, 7, 3, 1, 3),
(529, 7, 3, 1, 1),
(530, 7, 3, 1, 1),
(531, 7, 3, 1, 2),
(532, 7, 3, 1, 7),
(533, 7, 3, 1, 2),
(534, 7, 3, 1, 1),
(535, 7, 3, 1, 10),
(536, 7, 3, 1, 1),
(537, 7, 3, 1, 1),
(538, 7, 3, 1, 2),
(539, 7, 3, 1, 40),
(540, 7, 3, 1, 1),
(541, 7, 3, 1, 3),
(542, 7, 3, 1, 1),
(543, 7, 3, 1, 3),
(544, 7, 3, 1, 2),
(545, 7, 3, 1, 15),
(546, 7, 3, 1, 2),
(547, 7, 3, 1, 5),
(548, 7, 3, 1, 3),
(549, 7, 3, 1, 1),
(550, 7, 3, 1, 1),
(551, 7, 3, 1, 2),
(552, 7, 3, 1, 20),
(553, 7, 3, 1, 1),
(554, 7, 3, 1, 24),
(555, 7, 3, 1, 5),
(556, 7, 3, 1, 60),
(557, 8, 3, 1, 30),
(558, 8, 3, 1, 6),
(559, 8, 3, 1, 1),
(560, 8, 3, 1, 1),
(561, 8, 3, 1, 1),
(562, 8, 3, 1, 1),
(563, 8, 3, 1, 6),
(564, 8, 3, 1, 20),
(565, 8, 3, 1, 28),
(566, 8, 3, 1, 11),
(567, 8, 3, 1, 4),
(568, 8, 3, 1, 1),
(569, 8, 3, 1, 1),
(570, 8, 3, 1, 4),
(571, 8, 3, 1, 2),
(572, 8, 3, 1, 15),
(573, 8, 3, 1, 25),
(574, 8, 3, 1, 10),
(575, 8, 3, 1, 10),
(576, 6, 3, 1, 8),
(577, 6, 3, 1, 4),
(578, 6, 3, 1, 1),
(579, 6, 3, 1, 1),
(580, 6, 3, 1, 12),
(581, 6, 3, 1, 10),
(582, 6, 3, 1, 5),
(583, 6, 3, 1, 10),
(584, 6, 3, 1, 10),
(585, 6, 3, 1, 4),
(586, 6, 3, 1, 2),
(587, 6, 3, 1, 2),
(588, 6, 3, 1, 15),
(589, 6, 3, 1, 4),
(590, 6, 3, 1, 1),
(591, 6, 3, 1, 1),
(592, 6, 3, 1, 1),
(593, 6, 3, 1, 1),
(594, 6, 3, 1, 6),
(595, 6, 3, 1, 4),
(596, 6, 3, 1, 1),
(597, 4, 3, 1, 2),
(598, 4, 3, 1, 6),
(599, 4, 3, 1, 7),
(600, 4, 3, 1, 2),
(601, 4, 3, 1, 2),
(602, 4, 3, 1, 15),
(603, 4, 3, 1, 15),
(604, 4, 3, 1, 1),
(605, 4, 3, 1, 4),
(606, 4, 3, 1, 4),
(607, 4, 3, 1, 10),
(608, 4, 3, 1, 10),
(609, 4, 3, 1, 2),
(610, 4, 3, 1, 1),
(611, 4, 3, 1, 1),
(612, 4, 3, 1, 25),
(613, 4, 3, 1, 1),
(614, 4, 3, 1, 1),
(615, 4, 3, 1, 2),
(616, 4, 3, 1, 4),
(617, 4, 3, 1, 10),
(618, 5, 3, 1, 1),
(619, 5, 3, 1, 1),
(620, 5, 3, 1, 2),
(621, 5, 3, 1, 2),
(622, 5, 3, 1, 1),
(623, 5, 3, 1, 2),
(624, 5, 3, 1, 1),
(625, 5, 3, 1, 1),
(626, 5, 3, 1, 4),
(627, 5, 3, 1, 8),
(628, 5, 3, 1, 10),
(629, 5, 3, 1, 10),
(630, 5, 3, 1, 15),
(631, 5, 3, 1, 1),
(632, 5, 3, 1, 1),
(633, 5, 3, 1, 1),
(634, 5, 3, 1, 2),
(635, 5, 3, 1, 5),
(636, 5, 3, 1, 8),
(637, 5, 3, 1, 16),
(638, 5, 3, 1, 3),
(639, 5, 3, 1, 4),
(640, 5, 3, 1, 4),
(641, 5, 3, 1, 10),
(642, 5, 3, 1, 26),
(643, 5, 3, 1, 1),
(644, 5, 3, 1, 1),
(645, 5, 3, 1, 2),
(646, 5, 3, 1, 4),
(647, 5, 3, 1, 1),
(648, 5, 3, 1, 4),
(649, 14, 3, 1, 4),
(650, 14, 3, 1, 1),
(651, 14, 3, 1, 5),
(652, 14, 3, 1, 1),
(653, 14, 3, 1, 1),
(654, 14, 3, 1, 12),
(655, 14, 3, 1, 2),
(656, 14, 3, 1, 4),
(657, 14, 3, 1, 4),
(658, 14, 3, 1, 4),
(659, 14, 3, 1, 8),
(660, 14, 3, 1, 15),
(661, 14, 3, 1, 1),
(662, 14, 3, 1, 10),
(663, 14, 3, 1, 1),
(664, 14, 3, 1, 1),
(665, 14, 3, 1, 2),
(666, 14, 3, 1, 10),
(667, 14, 3, 1, 3),
(668, 14, 3, 1, 8),
(669, 15, 3, 1, 1),
(670, 15, 3, 1, 1),
(671, 15, 3, 1, 2),
(672, 15, 3, 1, 2),
(673, 15, 3, 1, 4),
(674, 15, 3, 1, 15),
(675, 15, 3, 1, 1),
(676, 15, 3, 1, 8),
(677, 15, 3, 1, 1),
(678, 15, 3, 1, 10),
(679, 15, 3, 1, 25),
(680, 15, 3, 1, 1),
(681, 15, 3, 1, 1),
(682, 15, 3, 1, 4),
(683, 15, 3, 1, 2),
(684, 15, 3, 1, 18),
(685, 15, 3, 1, 2),
(686, 15, 3, 1, 13),
(687, 1, 3, 1, 10),
(688, 1, 3, 1, 5),
(689, 1, 3, 1, 10),
(690, 1, 3, 1, 16),
(691, 1, 3, 1, 10),
(692, 1, 3, 1, 4),
(693, 1, 3, 1, 55),
(694, 1, 3, 1, 4),
(695, 1, 3, 1, 10),
(696, 1, 3, 1, 20),
(697, 1, 3, 1, 15),
(698, 1, 3, 1, 8),
(699, 2, 3, 1, 10),
(700, 2, 3, 1, 10),
(701, 2, 3, 1, 16),
(702, 2, 3, 1, 1),
(703, 2, 3, 1, 28),
(704, 2, 3, 1, 8),
(705, 2, 3, 1, 20),
(706, 2, 3, 1, 35),
(707, 2, 3, 1, 10),
(708, 2, 3, 1, 30),
(709, 3, 3, 1, 25),
(710, 3, 3, 1, 20),
(711, 3, 3, 1, 1),
(712, 3, 3, 1, 4),
(713, 3, 3, 1, 10),
(714, 3, 3, 1, 15),
(715, 3, 3, 1, 10),
(716, 3, 3, 1, 9),
(717, 3, 3, 1, 29),
(718, 3, 3, 1, 11),
(719, 3, 3, 1, 18),
(720, 9, 3, 1, 15),
(721, 9, 3, 1, 50),
(722, 9, 3, 1, 5),
(723, 9, 3, 1, 2),
(724, 9, 3, 1, 16),
(725, 9, 3, 1, 20),
(726, 9, 3, 1, 20),
(727, 9, 3, 1, 4),
(728, 9, 3, 1, 12),
(729, 9, 3, 1, 2),
(730, 9, 3, 1, 1),
(731, 9, 3, 1, 10),
(732, 9, 3, 1, 10),
(733, 10, 3, 1, 15),
(734, 10, 3, 1, 5),
(735, 10, 3, 1, 5),
(736, 10, 3, 1, 16),
(737, 10, 3, 1, 10),
(738, 10, 3, 1, 10),
(739, 10, 3, 1, 4),
(740, 10, 3, 1, 1),
(741, 10, 3, 1, 1),
(742, 10, 3, 1, 28),
(743, 10, 3, 1, 10),
(744, 10, 3, 1, 16),
(745, 11, 3, 1, 10),
(746, 11, 3, 1, 1),
(747, 11, 3, 1, 10),
(748, 11, 3, 1, 20),
(749, 11, 3, 1, 20),
(750, 11, 3, 1, 45),
(751, 11, 3, 1, 10),
(752, 11, 3, 1, 16),
(753, 11, 3, 1, 22),
(754, 12, 3, 1, 40),
(755, 12, 3, 1, 40),
(756, 12, 3, 1, 70),
(757, 12, 3, 1, 20),
(758, 12, 3, 1, 1),
(759, 12, 3, 1, 4),
(760, 12, 3, 1, 4),
(761, 12, 3, 1, 20),
(762, 12, 3, 1, 10),
(763, 12, 3, 1, 12),
(764, 12, 3, 1, 10),
(765, 13, 3, 1, 25),
(766, 13, 3, 1, 10),
(767, 13, 3, 1, 50),
(768, 13, 3, 1, 20),
(769, 13, 3, 1, 20),
(770, 13, 3, 1, 1),
(771, 13, 3, 1, 1),
(772, 13, 3, 1, 4),
(773, 13, 3, 1, 25),
(774, 13, 3, 1, 15),
(775, 13, 3, 1, 1),
(776, 13, 3, 1, 35),
(777, 13, 3, 1, 8),
(778, 7, 4, 1, 20),
(779, 7, 4, 1, 25),
(780, 7, 4, 1, 15),
(781, 7, 4, 1, 10),
(782, 7, 4, 1, 1),
(783, 7, 4, 1, 15),
(784, 7, 4, 1, 10),
(785, 7, 4, 1, 5),
(786, 7, 4, 1, 3),
(787, 7, 4, 1, 50),
(788, 7, 4, 1, 1),
(789, 7, 4, 1, 2),
(790, 7, 4, 1, 20),
(791, 7, 4, 1, 2),
(792, 7, 4, 1, 75),
(793, 7, 4, 1, 3),
(794, 7, 4, 1, 6),
(795, 7, 4, 1, 2),
(796, 7, 4, 1, 10),
(797, 7, 4, 1, 4),
(798, 7, 4, 1, 20),
(799, 7, 4, 1, 2),
(800, 7, 4, 1, 10),
(801, 7, 4, 1, 2),
(802, 7, 4, 1, 50),
(803, 7, 4, 1, 1),
(804, 7, 4, 1, 2),
(805, 7, 4, 1, 5),
(806, 7, 4, 1, 1),
(807, 7, 4, 1, 1),
(808, 7, 4, 1, 10),
(809, 7, 4, 1, 2),
(810, 7, 4, 1, 30),
(811, 7, 4, 1, 1),
(812, 7, 4, 1, 5),
(813, 7, 4, 1, 1),
(814, 7, 4, 1, 20),
(815, 7, 4, 1, 1),
(816, 7, 4, 1, 20),
(817, 7, 4, 1, 1),
(818, 7, 4, 1, 1),
(819, 7, 4, 1, 5),
(820, 7, 4, 1, 20),
(821, 7, 4, 1, 5),
(822, 7, 4, 1, 50),
(823, 7, 4, 1, 15),
(824, 7, 4, 1, 10),
(825, 8, 4, 1, 4),
(826, 8, 4, 1, 1),
(827, 8, 4, 1, 1),
(828, 8, 4, 1, 10),
(829, 8, 4, 1, 25),
(830, 8, 4, 1, 10),
(831, 8, 4, 1, 15),
(832, 8, 4, 1, 4),
(833, 8, 4, 1, 4),
(834, 8, 4, 1, 5),
(835, 8, 4, 1, 10),
(836, 8, 4, 1, 18),
(837, 8, 4, 1, 10),
(838, 8, 4, 1, 2),
(839, 8, 4, 1, 1),
(840, 8, 4, 1, 1),
(841, 8, 4, 1, 24),
(842, 8, 4, 1, 10),
(843, 8, 4, 1, 4),
(844, 8, 4, 1, 1),
(845, 8, 4, 1, 34),
(846, 8, 4, 1, 6),
(847, 8, 4, 1, 1),
(848, 8, 4, 1, 25),
(849, 6, 4, 1, 1),
(850, 6, 4, 1, 1),
(851, 6, 4, 1, 1),
(852, 6, 4, 1, 1),
(853, 6, 4, 1, 1),
(854, 6, 4, 1, 4),
(855, 6, 4, 1, 4),
(856, 6, 4, 1, 15),
(857, 6, 4, 1, 15),
(858, 6, 4, 1, 10),
(859, 6, 4, 1, 3),
(860, 6, 4, 1, 2),
(861, 6, 4, 1, 1),
(862, 6, 4, 1, 5),
(863, 6, 4, 1, 1),
(864, 6, 4, 1, 5),
(865, 6, 4, 1, 4),
(866, 6, 4, 1, 6),
(867, 6, 4, 1, 10),
(868, 6, 4, 1, 8),
(869, 6, 4, 1, 2),
(870, 6, 4, 1, 10),
(871, 6, 4, 1, 15),
(872, 4, 4, 1, 3),
(873, 4, 4, 1, 6),
(874, 4, 4, 1, 1),
(875, 4, 4, 1, 1),
(876, 4, 4, 1, 2),
(877, 4, 4, 1, 1),
(878, 4, 4, 1, 3),
(879, 4, 4, 1, 5),
(880, 4, 4, 1, 1),
(881, 4, 4, 1, 15),
(882, 4, 4, 1, 1),
(883, 4, 4, 1, 1),
(884, 4, 4, 1, 4),
(885, 4, 4, 1, 2),
(886, 4, 4, 1, 4),
(887, 4, 4, 1, 10),
(888, 4, 4, 1, 4),
(889, 4, 4, 1, 5),
(890, 4, 4, 1, 20),
(891, 4, 4, 1, 4),
(892, 4, 4, 1, 5),
(893, 4, 4, 1, 5),
(894, 4, 4, 1, 3),
(895, 5, 4, 1, 7),
(896, 5, 4, 1, 3),
(897, 5, 4, 1, 1),
(898, 5, 4, 1, 1),
(899, 5, 4, 1, 4),
(900, 5, 4, 1, 4),
(901, 5, 4, 1, 14),
(902, 5, 4, 1, 1),
(903, 5, 4, 1, 16),
(904, 5, 4, 1, 1),
(905, 5, 4, 1, 1),
(906, 5, 4, 1, 2),
(907, 5, 4, 1, 4),
(908, 5, 4, 1, 8),
(909, 5, 4, 1, 10),
(910, 5, 4, 1, 15),
(911, 5, 4, 1, 1),
(912, 5, 4, 1, 1),
(913, 5, 4, 1, 10),
(914, 5, 4, 1, 7),
(915, 5, 4, 1, 1),
(916, 5, 4, 1, 2),
(917, 5, 4, 1, 5),
(918, 5, 4, 1, 8),
(919, 14, 4, 1, 6),
(920, 14, 4, 1, 2),
(921, 14, 4, 1, 1),
(922, 14, 4, 1, 2),
(923, 14, 4, 1, 1),
(924, 14, 4, 1, 1),
(925, 14, 4, 1, 6),
(926, 14, 4, 1, 1),
(927, 14, 4, 1, 12),
(928, 14, 4, 1, 18),
(929, 14, 4, 1, 1),
(930, 14, 4, 1, 4),
(931, 14, 4, 1, 1),
(932, 14, 4, 1, 5),
(933, 14, 4, 1, 10),
(934, 14, 4, 1, 15),
(935, 14, 4, 1, 1),
(936, 14, 4, 1, 2),
(937, 14, 4, 1, 1),
(938, 14, 4, 1, 4),
(939, 14, 4, 1, 6),
(940, 14, 4, 1, 8),
(941, 14, 4, 1, 4),
(942, 14, 4, 1, 1),
(943, 14, 4, 1, 15),
(944, 14, 4, 1, 3),
(945, 15, 4, 1, 8),
(946, 15, 4, 1, 4),
(947, 15, 4, 1, 1),
(948, 15, 4, 1, 4),
(949, 15, 4, 1, 25),
(950, 15, 4, 1, 2),
(951, 15, 4, 1, 2),
(952, 15, 4, 1, 3),
(953, 15, 4, 1, 5),
(954, 15, 4, 1, 19),
(955, 15, 4, 1, 20),
(956, 15, 4, 1, 1),
(957, 15, 4, 1, 7),
(958, 15, 4, 1, 3),
(959, 15, 4, 1, 13),
(960, 1, 4, 1, 4),
(961, 1, 4, 1, 18),
(962, 1, 4, 1, 26),
(963, 1, 4, 1, 4),
(964, 1, 4, 1, 20),
(965, 1, 4, 1, 23),
(966, 1, 4, 1, 16),
(967, 1, 4, 1, 20),
(968, 1, 4, 1, 10),
(969, 1, 4, 1, 30),
(970, 2, 4, 1, 35),
(971, 2, 4, 1, 20),
(972, 2, 4, 1, 14),
(973, 2, 4, 1, 1),
(974, 2, 4, 1, 26),
(975, 2, 4, 1, 33),
(976, 2, 4, 1, 20),
(977, 2, 4, 1, 6),
(978, 2, 4, 1, 40),
(979, 2, 4, 1, 1),
(980, 2, 4, 1, 18),
(981, 2, 4, 1, 8),
(982, 3, 4, 1, 20),
(983, 3, 4, 1, 45),
(984, 3, 4, 1, 10),
(985, 3, 4, 1, 18),
(986, 3, 4, 1, 24),
(987, 3, 4, 1, 20),
(988, 3, 4, 1, 5),
(989, 3, 4, 1, 1),
(990, 3, 4, 1, 1),
(991, 3, 4, 1, 2),
(992, 3, 4, 1, 20),
(993, 3, 4, 1, 18),
(994, 3, 4, 1, 20),
(995, 3, 4, 1, 10),
(996, 9, 4, 1, 20),
(997, 9, 4, 1, 5),
(998, 9, 4, 1, 1),
(999, 9, 4, 1, 30),
(1000, 9, 4, 1, 4),
(1001, 9, 4, 1, 4),
(1002, 9, 4, 1, 16),
(1003, 9, 4, 1, 25),
(1004, 9, 4, 1, 10),
(1005, 9, 4, 1, 1),
(1006, 9, 4, 1, 15),
(1007, 9, 4, 1, 15),
(1008, 9, 4, 1, 12),
(1009, 9, 4, 1, 20),
(1010, 9, 4, 1, 6),
(1011, 9, 4, 1, 13),
(1012, 10, 4, 1, 10),
(1013, 10, 4, 1, 12),
(1014, 10, 4, 1, 4),
(1015, 10, 4, 1, 18),
(1016, 10, 4, 1, 10),
(1017, 10, 4, 1, 26),
(1018, 10, 4, 1, 10),
(1019, 10, 4, 1, 15),
(1020, 10, 4, 1, 34),
(1021, 10, 4, 1, 20),
(1022, 10, 4, 1, 20),
(1023, 10, 4, 1, 2),
(1024, 10, 4, 1, 15),
(1025, 10, 4, 1, 4),
(1026, 10, 4, 1, 16),
(1027, 11, 4, 1, 1),
(1028, 11, 4, 1, 65),
(1029, 11, 4, 1, 15),
(1030, 11, 4, 1, 8),
(1031, 11, 4, 1, 10),
(1032, 11, 4, 1, 10),
(1033, 11, 4, 1, 28),
(1034, 11, 4, 1, 30),
(1035, 11, 4, 1, 4),
(1036, 11, 4, 1, 2),
(1037, 11, 4, 1, 15),
(1038, 11, 4, 1, 21),
(1039, 12, 4, 1, 6),
(1040, 12, 4, 1, 17),
(1041, 12, 4, 1, 5),
(1042, 12, 4, 1, 1),
(1043, 12, 4, 1, 20),
(1044, 12, 4, 1, 58),
(1045, 12, 4, 1, 11),
(1046, 12, 4, 1, 10),
(1047, 12, 4, 1, 25),
(1048, 12, 4, 1, 20),
(1049, 12, 4, 1, 4),
(1050, 12, 4, 1, 35),
(1051, 13, 4, 1, 12),
(1052, 13, 4, 1, 20),
(1053, 13, 4, 1, 10),
(1054, 13, 4, 1, 10),
(1055, 13, 4, 1, 4),
(1056, 13, 4, 1, 20),
(1057, 13, 4, 1, 15),
(1058, 13, 4, 1, 20),
(1059, 13, 4, 1, 35),
(1060, 13, 4, 1, 33),
(1061, 13, 4, 1, 15),
(1062, 13, 4, 1, 15),
(1063, 13, 4, 1, 24),
(1064, 13, 4, 1, 8),
(1065, 13, 4, 1, 30),
(1066, 7, 5, 1, 50),
(1067, 7, 5, 1, 30),
(1068, 7, 5, 1, 10),
(1069, 7, 5, 1, 15),
(1070, 7, 5, 1, 1),
(1071, 7, 5, 1, 15),
(1072, 7, 5, 1, 10),
(1073, 7, 5, 1, 5),
(1074, 7, 5, 1, 3),
(1075, 7, 5, 1, 50),
(1076, 7, 5, 1, 1),
(1077, 7, 5, 1, 2),
(1078, 7, 5, 1, 20),
(1079, 7, 5, 1, 2),
(1080, 7, 5, 1, 90),
(1081, 7, 5, 1, 3),
(1082, 7, 5, 1, 6),
(1083, 7, 5, 1, 2),
(1084, 7, 5, 1, 10),
(1085, 7, 5, 1, 4),
(1086, 7, 5, 1, 10),
(1087, 7, 5, 1, 1),
(1088, 7, 5, 1, 1),
(1089, 7, 5, 1, 25),
(1090, 7, 5, 1, 50),
(1091, 7, 5, 1, 1),
(1092, 7, 5, 1, 2),
(1093, 7, 5, 1, 5),
(1094, 7, 5, 1, 1),
(1095, 7, 5, 1, 1),
(1096, 7, 5, 1, 10),
(1097, 7, 5, 1, 2),
(1098, 7, 5, 1, 30),
(1099, 7, 5, 1, 15),
(1100, 7, 5, 1, 1),
(1101, 7, 5, 1, 2),
(1102, 7, 5, 1, 1),
(1103, 8, 5, 1, 10),
(1104, 8, 5, 1, 2),
(1105, 8, 5, 1, 1),
(1106, 8, 5, 1, 1),
(1107, 8, 5, 1, 15),
(1108, 8, 5, 1, 25),
(1109, 8, 5, 1, 20),
(1110, 8, 5, 1, 10),
(1111, 8, 5, 1, 15),
(1112, 8, 5, 1, 10),
(1113, 8, 5, 1, 1),
(1114, 8, 5, 1, 2),
(1115, 8, 5, 1, 2),
(1116, 8, 5, 1, 24),
(1117, 8, 5, 1, 4),
(1118, 8, 5, 1, 20),
(1119, 8, 5, 1, 15),
(1120, 8, 5, 1, 15),
(1121, 8, 5, 1, 20),
(1122, 8, 5, 1, 10),
(1123, 8, 5, 1, 1),
(1124, 6, 5, 1, 1),
(1125, 6, 5, 1, 1),
(1126, 6, 5, 1, 1),
(1127, 6, 5, 1, 2),
(1128, 6, 5, 1, 4),
(1129, 6, 5, 1, 4),
(1130, 6, 5, 1, 15),
(1131, 6, 5, 1, 20),
(1132, 6, 5, 1, 4),
(1133, 6, 5, 1, 5),
(1134, 6, 5, 1, 1),
(1135, 6, 5, 1, 1),
(1136, 6, 5, 1, 10),
(1137, 6, 5, 1, 10),
(1138, 6, 5, 1, 15),
(1139, 6, 5, 1, 15),
(1140, 6, 5, 1, 1),
(1141, 6, 5, 1, 2),
(1142, 6, 5, 1, 18),
(1143, 6, 5, 1, 20),
(1144, 6, 5, 1, 3),
(1145, 4, 5, 1, 15),
(1146, 4, 5, 1, 1),
(1147, 4, 5, 1, 1),
(1148, 4, 5, 1, 5),
(1149, 4, 5, 1, 5),
(1150, 4, 5, 1, 3),
(1151, 4, 5, 1, 1),
(1152, 4, 5, 1, 2),
(1153, 4, 5, 1, 1),
(1154, 4, 5, 1, 10),
(1155, 4, 5, 1, 10),
(1156, 4, 5, 1, 20),
(1157, 4, 5, 1, 1),
(1158, 4, 5, 1, 5),
(1159, 4, 5, 1, 4),
(1160, 4, 5, 1, 2),
(1161, 4, 5, 1, 1),
(1162, 4, 5, 1, 10),
(1163, 4, 5, 1, 1),
(1164, 4, 5, 1, 6),
(1165, 5, 5, 1, 3),
(1166, 5, 5, 1, 1),
(1167, 5, 5, 1, 1),
(1168, 5, 5, 1, 4),
(1169, 5, 5, 1, 2),
(1170, 5, 5, 1, 2),
(1171, 5, 5, 1, 15),
(1172, 5, 5, 1, 1),
(1173, 5, 5, 1, 20),
(1174, 5, 5, 1, 10),
(1175, 5, 5, 1, 5),
(1176, 5, 5, 1, 5),
(1177, 5, 5, 1, 6),
(1178, 5, 5, 1, 1),
(1179, 5, 5, 1, 2),
(1180, 5, 5, 1, 4),
(1181, 5, 5, 1, 4),
(1182, 5, 5, 1, 2),
(1183, 5, 5, 1, 1),
(1184, 5, 5, 1, 10),
(1185, 5, 5, 1, 16),
(1186, 5, 5, 1, 25),
(1187, 14, 5, 1, 1),
(1188, 14, 5, 1, 3),
(1189, 14, 5, 1, 8),
(1190, 14, 5, 1, 5),
(1191, 14, 5, 1, 14),
(1192, 14, 5, 1, 2),
(1193, 14, 5, 1, 1),
(1194, 14, 5, 1, 15),
(1195, 14, 5, 1, 4),
(1196, 14, 5, 1, 4),
(1197, 14, 5, 1, 15),
(1198, 14, 5, 1, 17),
(1199, 14, 5, 1, 9),
(1200, 14, 5, 1, 1),
(1201, 14, 5, 1, 10),
(1202, 14, 5, 1, 10),
(1203, 14, 5, 1, 13),
(1204, 14, 5, 1, 1),
(1205, 14, 5, 1, 10),
(1206, 15, 5, 1, 4),
(1207, 15, 5, 1, 1),
(1208, 15, 5, 1, 1),
(1209, 15, 5, 1, 20),
(1210, 15, 5, 1, 4),
(1211, 15, 5, 1, 1),
(1212, 15, 5, 1, 1),
(1213, 15, 5, 1, 2),
(1214, 15, 5, 1, 13),
(1215, 15, 5, 1, 30),
(1216, 15, 5, 1, 1),
(1217, 15, 5, 1, 1),
(1218, 15, 5, 1, 5),
(1219, 15, 5, 1, 1),
(1220, 15, 5, 1, 3),
(1221, 15, 5, 1, 10),
(1222, 15, 5, 1, 1),
(1223, 15, 5, 1, 8),
(1224, 15, 5, 1, 12),
(1225, 15, 5, 1, 10),
(1226, 1, 5, 1, 2),
(1227, 1, 5, 1, 25),
(1228, 1, 5, 1, 18),
(1229, 1, 5, 1, 20),
(1230, 1, 5, 1, 5),
(1231, 1, 5, 1, 15),
(1232, 1, 5, 1, 20),
(1233, 1, 5, 1, 35),
(1234, 1, 5, 1, 12),
(1235, 2, 5, 1, 3),
(1236, 2, 5, 1, 50),
(1237, 2, 5, 1, 15),
(1238, 2, 5, 1, 8),
(1239, 2, 5, 1, 15),
(1240, 2, 5, 1, 64),
(1241, 2, 5, 1, 20),
(1242, 2, 5, 1, 10),
(1243, 2, 5, 1, 25),
(1244, 2, 5, 1, 20),
(1245, 2, 5, 1, 10),
(1246, 2, 5, 1, 1),
(1247, 2, 5, 1, 15),
(1248, 3, 5, 1, 85),
(1249, 3, 5, 1, 14),
(1250, 3, 5, 1, 5),
(1251, 3, 5, 1, 1),
(1252, 3, 5, 1, 20),
(1253, 3, 5, 1, 48),
(1254, 3, 5, 1, 18),
(1255, 3, 5, 1, 4),
(1256, 3, 5, 1, 10),
(1257, 3, 5, 1, 27),
(1258, 9, 5, 1, 1),
(1259, 9, 5, 1, 20),
(1260, 9, 5, 1, 52),
(1261, 9, 5, 1, 25),
(1262, 9, 5, 1, 20),
(1263, 9, 5, 1, 10),
(1264, 9, 5, 1, 4),
(1265, 9, 5, 1, 2),
(1266, 9, 5, 1, 15),
(1267, 9, 5, 1, 15),
(1268, 9, 5, 1, 34),
(1269, 9, 5, 1, 27),
(1270, 9, 5, 1, 17),
(1271, 10, 5, 1, 4),
(1272, 10, 5, 1, 45),
(1273, 10, 5, 1, 20),
(1274, 10, 5, 1, 20),
(1275, 10, 5, 1, 20),
(1276, 10, 5, 1, 20),
(1277, 10, 5, 1, 1),
(1278, 10, 5, 1, 4),
(1279, 10, 5, 1, 12),
(1280, 10, 5, 1, 36),
(1281, 10, 5, 1, 25),
(1282, 10, 5, 1, 18),
(1283, 10, 5, 1, 23),
(1284, 11, 5, 1, 60),
(1285, 11, 5, 1, 32),
(1286, 11, 5, 1, 4),
(1287, 11, 5, 1, 16),
(1288, 11, 5, 1, 1),
(1289, 11, 5, 1, 1),
(1290, 11, 5, 1, 25),
(1291, 11, 5, 1, 20),
(1292, 11, 5, 1, 30),
(1293, 11, 5, 1, 2),
(1294, 11, 5, 1, 2),
(1295, 11, 5, 1, 3),
(1296, 11, 5, 1, 17),
(1297, 11, 5, 1, 13),
(1298, 11, 5, 1, 21),
(1299, 11, 5, 1, 14),
(1300, 12, 5, 1, 14),
(1301, 12, 5, 1, 25),
(1302, 12, 5, 1, 1),
(1303, 12, 5, 1, 1),
(1304, 12, 5, 1, 7),
(1305, 12, 5, 1, 30),
(1306, 12, 5, 1, 16),
(1307, 12, 5, 1, 20),
(1308, 12, 5, 1, 11),
(1309, 12, 5, 1, 5),
(1310, 12, 5, 1, 29),
(1311, 13, 5, 1, 10),
(1312, 13, 5, 1, 10),
(1313, 13, 5, 1, 15),
(1314, 13, 5, 1, 25),
(1315, 13, 5, 1, 20),
(1316, 13, 5, 1, 56),
(1317, 13, 5, 1, 35),
(1318, 13, 5, 1, 10),
(1319, 13, 5, 1, 4),
(1320, 13, 5, 1, 18),
(1321, 13, 5, 1, 40),
(1322, 13, 5, 1, 1),
(1323, 13, 5, 1, 1),
(1324, 13, 5, 1, 27),
(1325, 13, 5, 1, 13),
(1326, 13, 5, 1, 19),
(1327, 7, 6, 1, 15),
(1328, 7, 6, 1, 1),
(1329, 7, 6, 1, 2),
(1330, 7, 6, 1, 5),
(1331, 7, 6, 1, 10),
(1332, 7, 6, 1, 10),
(1333, 7, 6, 1, 5),
(1334, 7, 6, 1, 5),
(1335, 7, 6, 1, 3),
(1336, 7, 6, 1, 5),
(1337, 7, 6, 1, 1),
(1338, 7, 6, 1, 2),
(1339, 7, 6, 1, 20),
(1340, 7, 6, 1, 2),
(1341, 7, 6, 1, 20),
(1342, 7, 6, 1, 3),
(1343, 7, 6, 1, 52),
(1344, 7, 6, 1, 2),
(1345, 7, 6, 1, 10),
(1346, 7, 6, 1, 4),
(1347, 7, 6, 1, 30),
(1348, 7, 6, 1, 1),
(1349, 7, 6, 1, 15),
(1350, 7, 6, 1, 25),
(1351, 7, 6, 1, 46),
(1352, 7, 6, 1, 30),
(1353, 7, 6, 1, 15),
(1354, 7, 6, 1, 10),
(1355, 7, 6, 1, 57),
(1356, 8, 6, 1, 5),
(1357, 8, 6, 1, 20),
(1358, 8, 6, 1, 25),
(1359, 8, 6, 1, 2),
(1360, 8, 6, 1, 17),
(1361, 8, 6, 1, 10),
(1362, 8, 6, 1, 5),
(1363, 8, 6, 1, 3),
(1364, 8, 6, 1, 1),
(1365, 8, 6, 1, 1),
(1366, 8, 6, 1, 10),
(1367, 8, 6, 1, 10),
(1368, 8, 6, 1, 16),
(1369, 8, 6, 1, 1),
(1370, 8, 6, 1, 28),
(1371, 8, 6, 1, 2),
(1372, 8, 6, 1, 10),
(1373, 8, 6, 1, 25),
(1374, 8, 6, 1, 10),
(1375, 8, 6, 1, 1),
(1376, 8, 6, 1, 38),
(1377, 6, 6, 1, 4),
(1378, 6, 6, 1, 15),
(1379, 6, 6, 1, 1),
(1380, 6, 6, 1, 4),
(1381, 6, 6, 1, 1),
(1382, 6, 6, 1, 1),
(1383, 6, 6, 1, 1),
(1384, 6, 6, 1, 1),
(1385, 6, 6, 1, 1),
(1386, 6, 6, 1, 5),
(1387, 6, 6, 1, 10),
(1388, 6, 6, 1, 2),
(1389, 6, 6, 1, 1),
(1390, 6, 6, 1, 4),
(1391, 6, 6, 1, 8),
(1392, 6, 6, 1, 8),
(1393, 6, 6, 1, 5),
(1394, 6, 6, 1, 5),
(1395, 6, 6, 1, 20),
(1396, 6, 6, 1, 2),
(1397, 6, 6, 1, 2),
(1398, 6, 6, 1, 2),
(1399, 6, 6, 1, 15),
(1400, 6, 6, 1, 10),
(1401, 6, 6, 1, 1),
(1402, 6, 6, 1, 3),
(1403, 6, 6, 1, 5),
(1404, 6, 6, 1, 15),
(1405, 6, 6, 1, 1),
(1406, 4, 6, 1, 2),
(1407, 4, 6, 1, 1),
(1408, 4, 6, 1, 20),
(1409, 4, 6, 1, 1),
(1410, 4, 6, 1, 2),
(1411, 4, 6, 1, 1),
(1412, 4, 6, 1, 2),
(1413, 4, 6, 1, 2),
(1414, 4, 6, 1, 10),
(1415, 4, 6, 1, 10),
(1416, 4, 6, 1, 5),
(1417, 4, 6, 1, 5),
(1418, 4, 6, 1, 4),
(1419, 4, 6, 1, 5),
(1420, 4, 6, 1, 10),
(1421, 4, 6, 1, 12),
(1422, 5, 6, 1, 1),
(1423, 5, 6, 1, 2),
(1424, 5, 6, 1, 1),
(1425, 5, 6, 1, 1),
(1426, 5, 6, 1, 5),
(1427, 5, 6, 1, 4),
(1428, 5, 6, 1, 4),
(1429, 5, 6, 1, 2),
(1430, 5, 6, 1, 1),
(1431, 5, 6, 1, 14),
(1432, 5, 6, 1, 1),
(1433, 5, 6, 1, 35),
(1434, 5, 6, 1, 1),
(1435, 5, 6, 1, 1),
(1436, 5, 6, 1, 2),
(1437, 5, 6, 1, 5),
(1438, 5, 6, 1, 8),
(1439, 5, 6, 1, 10),
(1440, 5, 6, 1, 10),
(1441, 5, 6, 1, 12),
(1442, 5, 6, 1, 7),
(1443, 5, 6, 1, 5),
(1444, 14, 6, 1, 2),
(1445, 14, 6, 1, 1),
(1446, 14, 6, 1, 5),
(1447, 14, 6, 1, 1),
(1448, 14, 6, 1, 1),
(1449, 14, 6, 1, 28),
(1450, 14, 6, 1, 26),
(1451, 14, 6, 1, 5),
(1452, 14, 6, 1, 5),
(1453, 14, 6, 1, 1),
(1454, 14, 6, 1, 1),
(1455, 14, 6, 1, 5),
(1456, 14, 6, 1, 10),
(1457, 14, 6, 1, 1),
(1458, 14, 6, 1, 3),
(1459, 14, 6, 1, 1),
(1460, 14, 6, 1, 10),
(1461, 14, 6, 1, 15),
(1462, 14, 6, 1, 16),
(1463, 14, 6, 1, 15),
(1464, 14, 6, 1, 2),
(1465, 14, 6, 1, 5),
(1466, 14, 6, 1, 1),
(1467, 15, 6, 1, 30),
(1468, 15, 6, 1, 15),
(1469, 15, 6, 1, 1),
(1470, 15, 6, 1, 5),
(1471, 15, 6, 1, 2),
(1472, 15, 6, 1, 1),
(1473, 15, 6, 1, 1),
(1474, 15, 6, 1, 1),
(1475, 15, 6, 1, 3),
(1476, 15, 6, 1, 5),
(1477, 15, 6, 1, 16),
(1478, 15, 6, 1, 5),
(1479, 15, 6, 1, 10),
(1480, 15, 6, 1, 5),
(1481, 15, 6, 1, 5),
(1482, 1, 6, 1, 4),
(1483, 1, 6, 1, 1),
(1484, 1, 6, 1, 25),
(1485, 1, 6, 1, 25),
(1486, 1, 6, 1, 20),
(1487, 1, 6, 1, 8),
(1488, 1, 6, 1, 15),
(1489, 1, 6, 1, 4),
(1490, 1, 6, 1, 15),
(1491, 1, 6, 1, 16),
(1492, 1, 6, 1, 6),
(1493, 1, 6, 1, 1),
(1494, 1, 6, 1, 1),
(1495, 2, 6, 1, 20),
(1496, 2, 6, 1, 10),
(1497, 2, 6, 1, 3),
(1498, 2, 6, 1, 25),
(1499, 2, 6, 1, 25),
(1500, 2, 6, 1, 10),
(1501, 2, 6, 1, 22),
(1502, 2, 6, 1, 6),
(1503, 2, 6, 1, 11),
(1504, 2, 6, 1, 7),
(1505, 3, 6, 1, 14),
(1506, 3, 6, 1, 20),
(1507, 3, 6, 1, 25),
(1508, 3, 6, 1, 25),
(1509, 3, 6, 1, 10),
(1510, 3, 6, 1, 35),
(1511, 3, 6, 1, 8),
(1512, 3, 6, 1, 18),
(1513, 3, 6, 1, 1),
(1514, 3, 6, 1, 17),
(1515, 9, 6, 1, 26),
(1516, 9, 6, 1, 1),
(1517, 9, 6, 1, 15),
(1518, 9, 6, 1, 1),
(1519, 9, 6, 1, 45),
(1520, 9, 6, 1, 4),
(1521, 9, 6, 1, 5),
(1522, 9, 6, 1, 11),
(1523, 9, 6, 1, 17),
(1524, 9, 6, 1, 25),
(1525, 9, 6, 1, 20),
(1526, 9, 6, 1, 15),
(1527, 9, 6, 1, 15),
(1528, 9, 6, 1, 10),
(1529, 9, 6, 1, 2),
(1530, 10, 6, 1, 45),
(1531, 10, 6, 1, 4),
(1532, 10, 6, 1, 4),
(1533, 10, 6, 1, 15),
(1534, 10, 6, 1, 10),
(1535, 10, 6, 1, 10),
(1536, 10, 6, 1, 1),
(1537, 10, 6, 1, 1),
(1538, 10, 6, 1, 4),
(1539, 10, 6, 1, 2),
(1540, 10, 6, 1, 3),
(1541, 10, 6, 1, 15),
(1542, 10, 6, 1, 25),
(1543, 10, 6, 1, 15),
(1544, 10, 6, 1, 10),
(1545, 10, 6, 1, 8),
(1546, 10, 6, 1, 10),
(1547, 10, 6, 1, 15),
(1548, 10, 6, 1, 34),
(1549, 10, 6, 1, 10),
(1550, 10, 6, 1, 3),
(1551, 10, 6, 1, 17),
(1552, 11, 6, 1, 1),
(1553, 11, 6, 1, 3),
(1554, 11, 6, 1, 25),
(1555, 11, 6, 1, 10),
(1556, 11, 6, 1, 1),
(1557, 11, 6, 1, 2),
(1558, 11, 6, 1, 2),
(1559, 11, 6, 1, 44),
(1560, 11, 6, 1, 10),
(1561, 11, 6, 1, 8),
(1562, 11, 6, 1, 16),
(1563, 11, 6, 1, 19),
(1564, 11, 6, 1, 5),
(1565, 11, 6, 1, 21),
(1566, 11, 6, 1, 20),
(1567, 11, 6, 1, 14),
(1568, 11, 6, 1, 10),
(1569, 12, 6, 1, 11),
(1570, 12, 6, 1, 7),
(1571, 12, 6, 1, 2),
(1572, 12, 6, 1, 10),
(1573, 12, 6, 1, 20),
(1574, 12, 6, 1, 20),
(1575, 12, 6, 1, 10),
(1576, 12, 6, 1, 18),
(1577, 12, 6, 1, 4),
(1578, 12, 6, 1, 3),
(1579, 12, 6, 1, 1),
(1580, 12, 6, 1, 1),
(1581, 12, 6, 1, 25),
(1582, 12, 6, 1, 10),
(1583, 12, 6, 1, 30),
(1584, 12, 6, 1, 12),
(1585, 12, 6, 1, 10),
(1586, 12, 6, 1, 14),
(1587, 12, 6, 1, 20),
(1588, 12, 6, 1, 30),
(1589, 13, 6, 1, 40),
(1590, 13, 6, 1, 30),
(1591, 13, 6, 1, 3),
(1592, 13, 6, 1, 4),
(1593, 13, 6, 1, 15),
(1594, 13, 6, 1, 32),
(1595, 13, 6, 1, 1),
(1596, 13, 6, 1, 1),
(1597, 13, 6, 1, 1),
(1598, 13, 6, 1, 25),
(1599, 13, 6, 1, 18),
(1600, 13, 6, 1, 35),
(1601, 13, 6, 1, 2),
(1602, 13, 6, 1, 10),
(1603, 13, 6, 1, 10),
(1604, 13, 6, 1, 9),
(1605, 13, 6, 1, 1),
(1606, 13, 6, 1, 11),
(1607, 13, 6, 1, 18),
(1608, 7, 7, 1, 50),
(1609, 7, 7, 1, 5),
(1610, 7, 7, 1, 20),
(1611, 7, 7, 1, 50),
(1612, 7, 7, 1, 5),
(1613, 7, 7, 1, 5),
(1614, 7, 7, 1, 3),
(1615, 7, 7, 1, 1),
(1616, 7, 7, 1, 4),
(1617, 7, 7, 1, 20),
(1618, 7, 7, 1, 1),
(1619, 7, 7, 1, 2),
(1620, 7, 7, 1, 1),
(1621, 7, 7, 1, 30),
(1622, 7, 7, 1, 4),
(1623, 7, 7, 1, 10),
(1624, 7, 7, 1, 9),
(1625, 7, 7, 1, 4),
(1626, 7, 7, 1, 10),
(1627, 7, 7, 1, 5),
(1628, 7, 7, 1, 15),
(1629, 7, 7, 1, 1),
(1630, 7, 7, 1, 30),
(1631, 7, 7, 1, 10),
(1632, 7, 7, 1, 20),
(1633, 7, 7, 1, 5),
(1634, 7, 7, 1, 3),
(1635, 7, 7, 1, 15),
(1636, 7, 7, 1, 1),
(1637, 7, 7, 1, 15),
(1638, 7, 7, 1, 7),
(1639, 7, 7, 1, 2),
(1640, 7, 7, 1, 1),
(1641, 7, 7, 1, 10),
(1642, 7, 7, 1, 1),
(1643, 7, 7, 1, 1),
(1644, 7, 7, 1, 2),
(1645, 7, 7, 1, 40),
(1646, 7, 7, 1, 1),
(1647, 7, 7, 1, 9),
(1648, 7, 7, 1, 4),
(1649, 7, 7, 1, 5),
(1650, 7, 7, 1, 2),
(1651, 7, 7, 1, 15),
(1652, 7, 7, 1, 2),
(1653, 7, 7, 1, 5),
(1654, 7, 7, 1, 3),
(1655, 7, 7, 1, 5),
(1656, 7, 7, 1, 75),
(1657, 7, 7, 1, 2),
(1658, 7, 7, 1, 20),
(1659, 7, 7, 1, 3),
(1660, 7, 7, 1, 28),
(1661, 7, 7, 1, 10),
(1662, 7, 7, 1, 10),
(1663, 8, 7, 1, 25),
(1664, 8, 7, 1, 20),
(1665, 8, 7, 1, 33),
(1666, 8, 7, 1, 1),
(1667, 8, 7, 1, 2),
(1668, 8, 7, 1, 4),
(1669, 8, 7, 1, 5),
(1670, 8, 7, 1, 4),
(1671, 8, 7, 1, 4),
(1672, 8, 7, 1, 1),
(1673, 8, 7, 1, 30),
(1674, 8, 7, 1, 10),
(1675, 8, 7, 1, 15),
(1676, 8, 7, 1, 10),
(1677, 8, 7, 1, 10),
(1678, 8, 7, 1, 1),
(1679, 8, 7, 1, 1),
(1680, 8, 7, 1, 30),
(1681, 8, 7, 1, 1),
(1682, 8, 7, 1, 12),
(1683, 8, 7, 1, 8),
(1684, 8, 7, 1, 10),
(1685, 8, 7, 1, 35),
(1686, 8, 7, 1, 30),
(1687, 8, 7, 1, 5),
(1688, 8, 7, 1, 1),
(1689, 8, 7, 1, 1),
(1690, 8, 7, 1, 2),
(1691, 8, 7, 1, 2),
(1692, 8, 7, 1, 20),
(1693, 8, 7, 1, 10),
(1694, 8, 7, 1, 4),
(1695, 8, 7, 1, 4),
(1696, 6, 7, 1, 3),
(1697, 6, 7, 1, 1),
(1698, 6, 7, 1, 1),
(1699, 6, 7, 1, 40),
(1700, 6, 7, 1, 1),
(1701, 6, 7, 1, 2),
(1702, 6, 7, 1, 2),
(1703, 6, 7, 1, 2),
(1704, 6, 7, 1, 3),
(1705, 6, 7, 1, 2),
(1706, 6, 7, 1, 10),
(1707, 6, 7, 1, 20),
(1708, 6, 7, 1, 20),
(1709, 6, 7, 1, 25),
(1710, 6, 7, 1, 20),
(1711, 6, 7, 1, 1),
(1712, 6, 7, 1, 11),
(1713, 6, 7, 1, 1),
(1714, 6, 7, 1, 15),
(1715, 6, 7, 1, 15),
(1716, 6, 7, 1, 16),
(1717, 6, 7, 1, 20),
(1718, 6, 7, 1, 25),
(1719, 6, 7, 1, 10),
(1720, 6, 7, 1, 32),
(1721, 6, 7, 1, 5),
(1722, 6, 7, 1, 1),
(1723, 6, 7, 1, 1),
(1724, 6, 7, 1, 8),
(1725, 6, 7, 1, 15),
(1726, 6, 7, 1, 25),
(1727, 6, 7, 1, 1),
(1728, 6, 7, 1, 1),
(1729, 6, 7, 1, 1),
(1730, 6, 7, 1, 7),
(1731, 4, 7, 1, 1),
(1732, 4, 7, 1, 1),
(1733, 4, 7, 1, 18),
(1734, 4, 7, 1, 2),
(1735, 4, 7, 1, 2),
(1736, 4, 7, 1, 22),
(1737, 4, 7, 1, 1),
(1738, 4, 7, 1, 1),
(1739, 4, 7, 1, 6),
(1740, 4, 7, 1, 10),
(1741, 4, 7, 1, 5),
(1742, 4, 7, 1, 10),
(1743, 4, 7, 1, 4),
(1744, 4, 7, 1, 13),
(1745, 4, 7, 1, 25),
(1746, 4, 7, 1, 10),
(1747, 4, 7, 1, 5),
(1748, 4, 7, 1, 10),
(1749, 4, 7, 1, 35),
(1750, 4, 7, 1, 5),
(1751, 4, 7, 1, 1),
(1752, 4, 7, 1, 15),
(1753, 4, 7, 1, 18),
(1754, 5, 7, 1, 1),
(1755, 5, 7, 1, 2),
(1756, 5, 7, 1, 35),
(1757, 5, 7, 1, 4),
(1758, 5, 7, 1, 1),
(1759, 5, 7, 1, 3),
(1760, 5, 7, 1, 1),
(1761, 5, 7, 1, 1),
(1762, 5, 7, 1, 2),
(1763, 5, 7, 1, 4),
(1764, 5, 7, 1, 4),
(1765, 5, 7, 1, 15),
(1766, 5, 7, 1, 10),
(1767, 5, 7, 1, 10),
(1768, 5, 7, 1, 10),
(1769, 5, 7, 1, 10),
(1770, 5, 7, 1, 10),
(1771, 5, 7, 1, 8),
(1772, 5, 7, 1, 25),
(1773, 5, 7, 1, 30),
(1774, 5, 7, 1, 1),
(1775, 5, 7, 1, 1),
(1776, 5, 7, 1, 5),
(1777, 5, 7, 1, 6),
(1778, 5, 7, 1, 5),
(1779, 5, 7, 1, 1),
(1780, 5, 7, 1, 25),
(1781, 5, 7, 1, 1),
(1782, 5, 7, 1, 2),
(1783, 5, 7, 1, 1),
(1784, 5, 7, 1, 1),
(1785, 5, 7, 1, 2),
(1786, 5, 7, 1, 4),
(1787, 5, 7, 1, 4),
(1788, 5, 7, 1, 3),
(1789, 5, 7, 1, 5),
(1790, 5, 7, 1, 4),
(1791, 5, 7, 1, 4),
(1792, 5, 7, 1, 2),
(1793, 5, 7, 1, 28),
(1794, 14, 7, 1, 1),
(1795, 14, 7, 1, 1),
(1796, 14, 7, 1, 4),
(1797, 14, 7, 1, 4),
(1798, 14, 7, 1, 1),
(1799, 14, 7, 1, 6),
(1800, 14, 7, 1, 10),
(1801, 14, 7, 1, 6),
(1802, 14, 7, 1, 4),
(1803, 14, 7, 1, 10),
(1804, 14, 7, 1, 15),
(1805, 14, 7, 1, 1),
(1806, 14, 7, 1, 8),
(1807, 14, 7, 1, 22),
(1808, 14, 7, 1, 10),
(1809, 14, 7, 1, 1),
(1810, 14, 7, 1, 25),
(1811, 14, 7, 1, 10),
(1812, 14, 7, 1, 10),
(1813, 15, 7, 1, 25),
(1814, 15, 7, 1, 4),
(1815, 15, 7, 1, 20),
(1816, 15, 7, 1, 2),
(1817, 15, 7, 1, 1),
(1818, 15, 7, 1, 8),
(1819, 15, 7, 1, 10),
(1820, 15, 7, 1, 10),
(1821, 15, 7, 1, 15),
(1822, 15, 7, 1, 15),
(1823, 15, 7, 1, 15),
(1824, 15, 7, 1, 1),
(1825, 15, 7, 1, 25),
(1826, 15, 7, 1, 2),
(1827, 15, 7, 1, 25),
(1828, 15, 7, 1, 15),
(1829, 15, 7, 1, 16),
(1830, 15, 7, 1, 11),
(1831, 15, 7, 1, 10),
(1832, 15, 7, 1, 4),
(1833, 15, 7, 1, 3),
(1834, 15, 7, 1, 3),
(1835, 15, 7, 1, 5),
(1836, 15, 7, 1, 4),
(1837, 15, 7, 1, 4),
(1838, 15, 7, 1, 1),
(1839, 15, 7, 1, 1),
(1840, 1, 7, 1, 5),
(1841, 1, 7, 1, 2),
(1842, 1, 7, 1, 2),
(1843, 1, 7, 1, 50),
(1844, 1, 7, 1, 2),
(1845, 1, 7, 1, 10),
(1846, 1, 7, 1, 14),
(1847, 1, 7, 1, 14),
(1848, 1, 7, 1, 18),
(1849, 1, 7, 1, 15),
(1850, 1, 7, 1, 10),
(1851, 1, 7, 1, 5),
(1852, 1, 7, 1, 8),
(1853, 1, 7, 1, 13),
(1854, 1, 7, 1, 30),
(1855, 1, 7, 1, 30),
(1856, 1, 7, 1, 22),
(1857, 1, 7, 1, 18),
(1858, 2, 7, 1, 5),
(1859, 2, 7, 1, 70),
(1860, 2, 7, 1, 34),
(1861, 2, 7, 1, 8),
(1862, 2, 7, 1, 10),
(1863, 2, 7, 1, 10),
(1864, 2, 7, 1, 15),
(1865, 2, 7, 1, 20),
(1866, 2, 7, 1, 1),
(1867, 2, 7, 1, 1),
(1868, 2, 7, 1, 5),
(1869, 2, 7, 1, 25),
(1870, 2, 7, 1, 5),
(1871, 2, 7, 1, 35),
(1872, 3, 7, 1, 1),
(1873, 3, 7, 1, 44),
(1874, 3, 7, 1, 2),
(1875, 3, 7, 1, 25),
(1876, 3, 7, 1, 25),
(1877, 3, 7, 1, 4),
(1878, 3, 7, 1, 30),
(1879, 3, 7, 1, 20),
(1880, 3, 7, 1, 20),
(1881, 3, 7, 1, 1),
(1882, 3, 7, 1, 8),
(1883, 3, 7, 1, 15),
(1884, 9, 7, 1, 65),
(1885, 9, 7, 1, 25),
(1886, 9, 7, 1, 20),
(1887, 9, 7, 1, 30),
(1888, 9, 7, 1, 4),
(1889, 9, 7, 1, 10),
(1890, 9, 7, 1, 10),
(1891, 9, 7, 1, 15),
(1892, 9, 7, 1, 16),
(1893, 9, 7, 1, 22),
(1894, 9, 7, 1, 20),
(1895, 9, 7, 1, 1),
(1896, 9, 7, 1, 1),
(1897, 9, 7, 1, 1),
(1898, 9, 7, 1, 8),
(1899, 9, 7, 1, 10),
(1900, 9, 7, 1, 25),
(1901, 9, 7, 1, 4),
(1902, 9, 7, 1, 20),
(1903, 9, 7, 1, 4),
(1904, 9, 7, 1, 1),
(1905, 9, 7, 1, 6),
(1906, 9, 7, 1, 10),
(1907, 10, 7, 1, 10),
(1908, 10, 7, 1, 1),
(1909, 10, 7, 1, 4),
(1910, 10, 7, 1, 4),
(1911, 10, 7, 1, 15),
(1912, 10, 7, 1, 25),
(1913, 10, 7, 1, 20),
(1914, 10, 7, 1, 25),
(1915, 10, 7, 1, 11),
(1916, 10, 7, 1, 4),
(1917, 10, 7, 1, 4),
(1918, 10, 7, 1, 1),
(1919, 10, 7, 1, 1),
(1920, 10, 7, 1, 20),
(1921, 10, 7, 1, 10),
(1922, 10, 7, 1, 10),
(1923, 10, 7, 1, 16),
(1924, 10, 7, 1, 5),
(1925, 10, 7, 1, 1),
(1926, 10, 7, 1, 2),
(1927, 10, 7, 1, 3),
(1928, 10, 7, 1, 1),
(1929, 11, 7, 1, 85),
(1930, 11, 7, 1, 6),
(1931, 11, 7, 1, 30),
(1932, 11, 7, 1, 30),
(1933, 11, 7, 1, 1),
(1934, 11, 7, 1, 10),
(1935, 11, 7, 1, 1),
(1936, 11, 7, 1, 15),
(1937, 11, 7, 1, 15),
(1938, 11, 7, 1, 80),
(1939, 11, 7, 1, 28),
(1940, 11, 7, 1, 25),
(1941, 11, 7, 1, 20),
(1942, 11, 7, 1, 10),
(1943, 11, 7, 1, 10),
(1944, 11, 7, 1, 5),
(1945, 11, 7, 1, 8),
(1946, 11, 7, 1, 20),
(1947, 11, 7, 1, 4),
(1948, 12, 7, 1, 20),
(1949, 12, 7, 1, 20),
(1950, 12, 7, 1, 3),
(1951, 12, 7, 1, 38),
(1952, 12, 7, 1, 12),
(1953, 12, 7, 1, 10),
(1954, 12, 7, 1, 10),
(1955, 12, 7, 1, 1),
(1956, 12, 7, 1, 1),
(1957, 12, 7, 1, 25),
(1958, 12, 7, 1, 3),
(1959, 12, 7, 1, 40),
(1960, 12, 7, 1, 6),
(1961, 12, 7, 1, 10),
(1962, 13, 7, 1, 18),
(1963, 13, 7, 1, 4),
(1964, 13, 7, 1, 4),
(1965, 13, 7, 1, 55),
(1966, 13, 7, 1, 12),
(1967, 13, 7, 1, 10),
(1968, 13, 7, 1, 1),
(1969, 13, 7, 1, 2),
(1970, 13, 7, 1, 2),
(1971, 13, 7, 1, 4),
(1972, 13, 7, 1, 92),
(1973, 13, 7, 1, 24),
(1974, 13, 7, 1, 1),
(1975, 13, 7, 1, 18),
(1976, 13, 7, 1, 15),
(1977, 13, 7, 1, 15),
(1978, 13, 7, 1, 10),
(1979, 13, 7, 1, 2),
(1980, 13, 7, 1, 40),
(1981, 13, 7, 1, 2),
(1982, 13, 7, 1, 2),
(1983, 13, 7, 1, 3),
(1984, 13, 7, 1, 1),
(1985, 13, 7, 1, 40),
(1986, 13, 7, 1, 65),
(1987, 7, 8, 1, 10),
(1988, 7, 8, 1, 15),
(1989, 7, 8, 1, 20),
(1990, 7, 8, 1, 1),
(1991, 7, 8, 1, 16),
(1992, 7, 8, 1, 1),
(1993, 7, 8, 1, 3),
(1994, 7, 8, 1, 1),
(1995, 7, 8, 1, 15),
(1996, 7, 8, 1, 1),
(1997, 7, 8, 1, 20),
(1998, 7, 8, 1, 1),
(1999, 7, 8, 1, 1),
(2000, 7, 8, 1, 2),
(2001, 7, 8, 1, 1),
(2002, 7, 8, 1, 4),
(2003, 7, 8, 1, 3),
(2004, 7, 8, 1, 4),
(2005, 7, 8, 1, 1),
(2006, 7, 8, 1, 1),
(2007, 7, 8, 1, 50),
(2008, 7, 8, 1, 3),
(2009, 7, 8, 1, 1),
(2010, 7, 8, 1, 1),
(2011, 7, 8, 1, 2),
(2012, 7, 8, 1, 7),
(2013, 7, 8, 1, 2),
(2014, 7, 8, 1, 50),
(2015, 7, 8, 1, 10),
(2016, 7, 8, 1, 5),
(2017, 7, 8, 1, 20),
(2018, 7, 8, 1, 20),
(2019, 7, 8, 1, 1),
(2020, 7, 8, 1, 20),
(2021, 7, 8, 1, 10),
(2022, 7, 8, 1, 10),
(2023, 7, 8, 1, 8),
(2024, 7, 8, 1, 50),
(2025, 7, 8, 1, 20),
(2026, 7, 8, 1, 8),
(2027, 7, 8, 1, 50),
(2028, 7, 8, 1, 10),
(2029, 7, 8, 1, 20),
(2030, 7, 8, 1, 50),
(2031, 7, 8, 1, 2),
(2032, 7, 8, 1, 5),
(2033, 7, 8, 1, 15),
(2034, 7, 8, 1, 3),
(2035, 7, 8, 1, 3),
(2036, 7, 8, 1, 15),
(2037, 7, 8, 1, 3),
(2038, 7, 8, 1, 2),
(2039, 8, 8, 1, 30),
(2040, 8, 8, 1, 6),
(2041, 8, 8, 1, 4),
(2042, 8, 8, 1, 1),
(2043, 8, 8, 1, 1),
(2044, 8, 8, 1, 1),
(2045, 8, 8, 1, 4),
(2046, 8, 8, 1, 22),
(2047, 8, 8, 1, 1),
(2048, 8, 8, 1, 1),
(2049, 8, 8, 1, 4),
(2050, 8, 8, 1, 35),
(2051, 8, 8, 1, 15),
(2052, 8, 8, 1, 11),
(2053, 8, 8, 1, 10),
(2054, 8, 8, 1, 15),
(2055, 8, 8, 1, 15),
(2056, 8, 8, 1, 4),
(2057, 8, 8, 1, 1),
(2058, 8, 8, 1, 5),
(2059, 8, 8, 1, 1),
(2060, 8, 8, 1, 1),
(2061, 8, 8, 1, 2),
(2062, 8, 8, 1, 2),
(2063, 8, 8, 1, 3),
(2064, 8, 8, 1, 35),
(2065, 8, 8, 1, 2),
(2066, 8, 8, 1, 1),
(2067, 8, 8, 1, 1),
(2068, 8, 8, 1, 2),
(2069, 8, 8, 1, 12),
(2070, 8, 8, 1, 2),
(2071, 8, 8, 1, 2),
(2072, 8, 8, 1, 4),
(2073, 8, 8, 1, 8),
(2074, 8, 8, 1, 5),
(2075, 8, 8, 1, 5),
(2076, 8, 8, 1, 1),
(2077, 8, 8, 1, 1),
(2078, 8, 8, 1, 1),
(2079, 8, 8, 1, 3),
(2080, 8, 8, 1, 3),
(2081, 8, 8, 1, 10),
(2082, 8, 8, 1, 15),
(2083, 8, 8, 1, 2),
(2084, 8, 8, 1, 2),
(2085, 8, 8, 1, 4),
(2086, 8, 8, 1, 1),
(2087, 6, 8, 1, 12),
(2088, 6, 8, 1, 1),
(2089, 6, 8, 1, 2),
(2090, 6, 8, 1, 5),
(2091, 6, 8, 1, 2),
(2092, 6, 8, 1, 1),
(2093, 6, 8, 1, 4),
(2094, 6, 8, 1, 1),
(2095, 6, 8, 1, 12),
(2096, 6, 8, 1, 15),
(2097, 6, 8, 1, 10),
(2098, 6, 8, 1, 1),
(2099, 6, 8, 1, 1),
(2100, 6, 8, 1, 30),
(2101, 6, 8, 1, 10),
(2102, 6, 8, 1, 5),
(2103, 6, 8, 1, 4),
(2104, 6, 8, 1, 4),
(2105, 6, 8, 1, 15),
(2106, 6, 8, 1, 22),
(2107, 6, 8, 1, 20),
(2108, 6, 8, 1, 15),
(2109, 6, 8, 1, 10),
(2110, 6, 8, 1, 5),
(2111, 6, 8, 1, 20),
(2112, 6, 8, 1, 15),
(2113, 6, 8, 1, 30),
(2114, 4, 8, 1, 3),
(2115, 4, 8, 1, 1),
(2116, 4, 8, 1, 3),
(2117, 4, 8, 1, 1),
(2118, 4, 8, 1, 2),
(2119, 4, 8, 1, 32),
(2120, 4, 8, 1, 5),
(2121, 4, 8, 1, 4),
(2122, 4, 8, 1, 2),
(2123, 4, 8, 1, 2),
(2124, 4, 8, 1, 2),
(2125, 4, 8, 1, 10),
(2126, 4, 8, 1, 15),
(2127, 4, 8, 1, 10),
(2128, 4, 8, 1, 15),
(2129, 4, 8, 1, 25),
(2130, 4, 8, 1, 2),
(2131, 4, 8, 1, 3),
(2132, 4, 8, 1, 3),
(2133, 4, 8, 1, 1),
(2134, 4, 8, 1, 5),
(2135, 4, 8, 1, 15),
(2136, 4, 8, 1, 18),
(2137, 4, 8, 1, 15),
(2138, 4, 8, 1, 10),
(2139, 4, 8, 1, 5),
(2140, 4, 8, 1, 5),
(2141, 4, 8, 1, 30),
(2142, 4, 8, 1, 22),
(2143, 4, 8, 1, 20),
(2144, 4, 8, 1, 5),
(2145, 4, 8, 1, 1),
(2146, 4, 8, 1, 2),
(2147, 4, 8, 1, 1),
(2148, 4, 8, 1, 1),
(2149, 4, 8, 1, 20),
(2150, 4, 8, 1, 3),
(2151, 5, 8, 1, 2),
(2152, 5, 8, 1, 4),
(2153, 5, 8, 1, 1),
(2154, 5, 8, 1, 1),
(2155, 5, 8, 1, 1),
(2156, 5, 8, 1, 1),
(2157, 5, 8, 1, 1),
(2158, 5, 8, 1, 4),
(2159, 5, 8, 1, 1),
(2160, 5, 8, 1, 10),
(2161, 5, 8, 1, 10),
(2162, 5, 8, 1, 5),
(2163, 5, 8, 1, 1),
(2164, 5, 8, 1, 20),
(2165, 5, 8, 1, 20),
(2166, 5, 8, 1, 10),
(2167, 5, 8, 1, 20),
(2168, 5, 8, 1, 15),
(2169, 5, 8, 1, 20),
(2170, 5, 8, 1, 15),
(2171, 5, 8, 1, 11),
(2172, 5, 8, 1, 1),
(2173, 5, 8, 1, 5),
(2174, 5, 8, 1, 4),
(2175, 14, 8, 1, 1),
(2176, 14, 8, 1, 5),
(2177, 14, 8, 1, 2),
(2178, 14, 8, 1, 3),
(2179, 14, 8, 1, 4),
(2180, 14, 8, 1, 1),
(2181, 14, 8, 1, 1),
(2182, 14, 8, 1, 25),
(2183, 14, 8, 1, 3),
(2184, 14, 8, 1, 3),
(2185, 14, 8, 1, 10),
(2186, 14, 8, 1, 5),
(2187, 14, 8, 1, 15),
(2188, 14, 8, 1, 10),
(2189, 14, 8, 1, 4),
(2190, 14, 8, 1, 5),
(2191, 14, 8, 1, 10),
(2192, 14, 8, 1, 15),
(2193, 14, 8, 1, 1),
(2194, 14, 8, 1, 2),
(2195, 14, 8, 1, 5),
(2196, 14, 8, 1, 15),
(2197, 14, 8, 1, 1),
(2198, 14, 8, 1, 25),
(2199, 15, 8, 1, 10),
(2200, 15, 8, 1, 15),
(2201, 15, 8, 1, 5),
(2202, 15, 8, 1, 5),
(2203, 15, 8, 1, 2),
(2204, 15, 8, 1, 15),
(2205, 15, 8, 1, 1),
(2206, 15, 8, 1, 1),
(2207, 15, 8, 1, 10),
(2208, 15, 8, 1, 25),
(2209, 15, 8, 1, 1),
(2210, 15, 8, 1, 1),
(2211, 15, 8, 1, 5),
(2212, 15, 8, 1, 16),
(2213, 15, 8, 1, 2),
(2214, 15, 8, 1, 5),
(2215, 15, 8, 1, 1),
(2216, 15, 8, 1, 20),
(2217, 15, 8, 1, 20),
(2218, 1, 8, 1, 30),
(2219, 1, 8, 1, 35),
(2220, 1, 8, 1, 40),
(2221, 1, 8, 1, 2),
(2222, 1, 8, 1, 10),
(2223, 1, 8, 1, 21),
(2224, 1, 8, 1, 2),
(2225, 1, 8, 1, 2),
(2226, 1, 8, 1, 15),
(2227, 1, 8, 1, 10),
(2228, 1, 8, 1, 1),
(2229, 1, 8, 1, 35),
(2230, 1, 8, 1, 35),
(2231, 1, 8, 1, 20),
(2232, 1, 8, 1, 1),
(2233, 1, 8, 1, 20),
(2234, 2, 8, 1, 48),
(2235, 2, 8, 1, 20),
(2236, 2, 8, 1, 1),
(2237, 2, 8, 1, 1),
(2238, 2, 8, 1, 5),
(2239, 2, 8, 1, 12),
(2240, 2, 8, 1, 20),
(2241, 2, 8, 1, 8),
(2242, 2, 8, 1, 20),
(2243, 2, 8, 1, 15),
(2244, 2, 8, 1, 28),
(2245, 2, 8, 1, 13),
(2246, 2, 8, 1, 10),
(2247, 2, 8, 1, 4),
(2248, 2, 8, 1, 1),
(2249, 2, 8, 1, 1),
(2250, 2, 8, 1, 25),
(2251, 2, 8, 1, 10),
(2252, 3, 8, 1, 25),
(2253, 3, 8, 1, 10),
(2254, 3, 8, 1, 5),
(2255, 3, 8, 1, 5),
(2256, 3, 8, 1, 5),
(2257, 3, 8, 1, 10),
(2258, 3, 8, 1, 20),
(2259, 3, 8, 1, 20),
(2260, 3, 8, 1, 35),
(2261, 3, 8, 1, 10),
(2262, 3, 8, 1, 3),
(2263, 3, 8, 1, 20),
(2264, 3, 8, 1, 25),
(2265, 3, 8, 1, 30),
(2266, 3, 8, 1, 15),
(2267, 3, 8, 1, 6),
(2268, 9, 8, 1, 30),
(2269, 9, 8, 1, 10),
(2270, 9, 8, 1, 5),
(2271, 9, 8, 1, 1),
(2272, 9, 8, 1, 1),
(2273, 9, 8, 1, 5),
(2274, 9, 8, 1, 10),
(2275, 9, 8, 1, 30),
(2276, 9, 8, 1, 20),
(2277, 9, 8, 1, 30),
(2278, 9, 8, 1, 1),
(2279, 9, 8, 1, 5),
(2280, 9, 8, 1, 4),
(2281, 9, 8, 1, 4),
(2282, 9, 8, 1, 25),
(2283, 9, 8, 1, 20),
(2284, 9, 8, 1, 20),
(2285, 9, 8, 1, 10),
(2286, 9, 8, 1, 4),
(2287, 9, 8, 1, 3),
(2288, 9, 8, 1, 20),
(2289, 10, 8, 1, 11),
(2290, 10, 8, 1, 10),
(2291, 10, 8, 1, 10),
(2292, 10, 8, 1, 5),
(2293, 10, 8, 1, 3),
(2294, 10, 8, 1, 20),
(2295, 10, 8, 1, 16),
(2296, 10, 8, 1, 35),
(2297, 10, 8, 1, 30),
(2298, 10, 8, 1, 10),
(2299, 10, 8, 1, 5),
(2300, 10, 8, 1, 4),
(2301, 10, 8, 1, 4),
(2302, 10, 8, 1, 25),
(2303, 10, 8, 1, 20),
(2304, 10, 8, 1, 35),
(2305, 10, 8, 1, 20),
(2306, 11, 8, 1, 7),
(2307, 11, 8, 1, 1),
(2308, 11, 8, 1, 2),
(2309, 11, 8, 1, 36),
(2310, 11, 8, 1, 20),
(2311, 11, 8, 1, 30),
(2312, 11, 8, 1, 10),
(2313, 11, 8, 1, 10),
(2314, 11, 8, 1, 10),
(2315, 11, 8, 1, 15),
(2316, 11, 8, 1, 46),
(2317, 11, 8, 1, 1),
(2318, 11, 8, 1, 15),
(2319, 11, 8, 1, 16),
(2320, 11, 8, 1, 15),
(2321, 11, 8, 1, 10),
(2322, 11, 8, 1, 25),
(2323, 11, 8, 1, 30),
(2324, 11, 8, 1, 35),
(2325, 11, 8, 1, 20),
(2326, 11, 8, 1, 15),
(2327, 11, 8, 1, 10),
(2328, 11, 8, 1, 5),
(2329, 11, 8, 1, 10),
(2330, 11, 8, 1, 3),
(2331, 12, 8, 1, 9),
(2332, 12, 8, 1, 1),
(2333, 12, 8, 1, 65),
(2334, 12, 8, 1, 10),
(2335, 12, 8, 1, 25),
(2336, 12, 8, 1, 20),
(2337, 12, 8, 1, 25),
(2338, 12, 8, 1, 20),
(2339, 12, 8, 1, 2),
(2340, 12, 8, 1, 12),
(2341, 12, 8, 1, 33),
(2342, 12, 8, 1, 25),
(2343, 12, 8, 1, 20),
(2344, 12, 8, 1, 10),
(2345, 12, 8, 1, 10),
(2346, 12, 8, 1, 15),
(2347, 12, 8, 1, 4),
(2348, 12, 8, 1, 15),
(2349, 12, 8, 1, 7),
(2350, 12, 8, 1, 15),
(2351, 12, 8, 1, 23),
(2352, 12, 8, 1, 25),
(2353, 12, 8, 1, 20),
(2354, 12, 8, 1, 15),
(2355, 13, 8, 1, 12),
(2356, 13, 8, 1, 30),
(2357, 13, 8, 1, 10),
(2358, 13, 8, 1, 10),
(2359, 13, 8, 1, 15),
(2360, 13, 8, 1, 10),
(2361, 13, 8, 1, 10),
(2362, 13, 8, 1, 80),
(2363, 13, 8, 1, 6),
(2364, 13, 8, 1, 10),
(2365, 13, 8, 1, 1),
(2366, 13, 8, 1, 1),
(2367, 13, 8, 1, 40),
(2368, 13, 8, 1, 25),
(2369, 13, 8, 1, 45),
(2370, 13, 8, 1, 12),
(2371, 13, 8, 1, 5),
(2372, 13, 8, 1, 10),
(2373, 13, 8, 1, 10),
(2374, 13, 8, 1, 15),
(2375, 13, 8, 1, 3),
(2376, 13, 8, 1, 15),
(2377, 13, 8, 1, 4),
(2378, 7, 9, 1, 1),
(2379, 7, 9, 1, 2),
(2380, 7, 9, 1, 5),
(2381, 7, 9, 1, 5),
(2382, 7, 9, 1, 4),
(2383, 7, 9, 1, 20),
(2384, 7, 9, 1, 10),
(2385, 7, 9, 1, 15),
(2386, 7, 9, 1, 10),
(2387, 7, 9, 1, 20),
(2388, 7, 9, 1, 80),
(2389, 7, 9, 1, 50),
(2390, 7, 9, 1, 5),
(2391, 7, 9, 1, 5),
(2392, 7, 9, 1, 1),
(2393, 7, 9, 1, 4),
(2394, 7, 9, 1, 3),
(2395, 7, 9, 1, 4),
(2396, 7, 9, 1, 1),
(2397, 7, 9, 1, 1),
(2398, 7, 9, 1, 7),
(2399, 7, 9, 1, 2),
(2400, 7, 9, 1, 4),
(2401, 7, 9, 1, 16),
(2402, 7, 9, 1, 2),
(2403, 7, 9, 1, 50),
(2404, 7, 9, 1, 1),
(2405, 7, 9, 1, 10),
(2406, 7, 9, 1, 15),
(2407, 7, 9, 1, 5),
(2408, 7, 9, 1, 20),
(2409, 7, 9, 1, 10),
(2410, 7, 9, 1, 8),
(2411, 7, 9, 1, 10),
(2412, 7, 9, 1, 15),
(2413, 7, 9, 1, 4),
(2414, 7, 9, 1, 1),
(2415, 7, 9, 1, 10),
(2416, 7, 9, 1, 15),
(2417, 7, 9, 1, 15),
(2418, 7, 9, 1, 2),
(2419, 7, 9, 1, 5),
(2420, 7, 9, 1, 20),
(2421, 7, 9, 1, 10),
(2422, 7, 9, 1, 10),
(2423, 7, 9, 1, 8),
(2424, 7, 9, 1, 5),
(2425, 7, 9, 1, 23),
(2426, 7, 9, 1, 8),
(2427, 7, 9, 1, 2),
(2428, 7, 9, 1, 1),
(2429, 7, 9, 1, 1),
(2430, 7, 9, 1, 1),
(2431, 7, 9, 1, 20),
(2432, 8, 9, 1, 60),
(2433, 8, 9, 1, 35),
(2434, 8, 9, 1, 5),
(2435, 8, 9, 1, 5),
(2436, 8, 9, 1, 20),
(2437, 8, 9, 1, 10),
(2438, 8, 9, 1, 15),
(2439, 8, 9, 1, 10),
(2440, 8, 9, 1, 10),
(2441, 8, 9, 1, 1),
(2442, 8, 9, 1, 1),
(2443, 8, 9, 1, 3),
(2444, 8, 9, 1, 5),
(2445, 8, 9, 1, 10),
(2446, 8, 9, 1, 10),
(2447, 8, 9, 1, 15),
(2448, 8, 9, 1, 30),
(2449, 8, 9, 1, 2),
(2450, 8, 9, 1, 3),
(2451, 8, 9, 1, 3),
(2452, 8, 9, 1, 5),
(2453, 8, 9, 1, 10),
(2454, 8, 9, 1, 1),
(2455, 8, 9, 1, 1),
(2456, 8, 9, 1, 25),
(2457, 8, 9, 1, 1),
(2458, 6, 9, 1, 1),
(2459, 6, 9, 1, 1),
(2460, 6, 9, 1, 1),
(2461, 6, 9, 1, 20),
(2462, 6, 9, 1, 1),
(2463, 6, 9, 1, 2),
(2464, 6, 9, 1, 1),
(2465, 6, 9, 1, 1),
(2466, 6, 9, 1, 1),
(2467, 6, 9, 1, 10),
(2468, 6, 9, 1, 10),
(2469, 6, 9, 1, 1),
(2470, 6, 9, 1, 25),
(2471, 6, 9, 1, 20),
(2472, 6, 9, 1, 1),
(2473, 6, 9, 1, 3),
(2474, 6, 9, 1, 5),
(2475, 6, 9, 1, 1),
(2476, 6, 9, 1, 25),
(2477, 6, 9, 1, 1),
(2478, 6, 9, 1, 10),
(2479, 6, 9, 1, 10),
(2480, 6, 9, 1, 20),
(2481, 6, 9, 1, 20),
(2482, 6, 9, 1, 5),
(2483, 6, 9, 1, 20),
(2484, 6, 9, 1, 15),
(2485, 6, 9, 1, 20),
(2486, 6, 9, 1, 3),
(2487, 4, 9, 1, 1),
(2488, 4, 9, 1, 4),
(2489, 4, 9, 1, 1),
(2490, 4, 9, 1, 4),
(2491, 4, 9, 1, 1),
(2492, 4, 9, 1, 1),
(2493, 4, 9, 1, 15),
(2494, 4, 9, 1, 5),
(2495, 4, 9, 1, 1),
(2496, 4, 9, 1, 20),
(2497, 4, 9, 1, 1),
(2498, 4, 9, 1, 2),
(2499, 4, 9, 1, 5),
(2500, 4, 9, 1, 5),
(2501, 4, 9, 1, 3),
(2502, 4, 9, 1, 4),
(2503, 4, 9, 1, 4),
(2504, 4, 9, 1, 8),
(2505, 4, 9, 1, 6),
(2506, 4, 9, 1, 8),
(2507, 4, 9, 1, 4),
(2508, 4, 9, 1, 15),
(2509, 4, 9, 1, 30),
(2510, 4, 9, 1, 10),
(2511, 4, 9, 1, 10),
(2512, 4, 9, 1, 25),
(2513, 4, 9, 1, 8),
(2514, 5, 9, 1, 3),
(2515, 5, 9, 1, 1),
(2516, 5, 9, 1, 3),
(2517, 5, 9, 1, 1),
(2518, 5, 9, 1, 1),
(2519, 5, 9, 1, 1),
(2520, 5, 9, 1, 2),
(2521, 5, 9, 1, 1),
(2522, 5, 9, 1, 17),
(2523, 5, 9, 1, 2),
(2524, 5, 9, 1, 5),
(2525, 5, 9, 1, 10),
(2526, 5, 9, 1, 5),
(2527, 5, 9, 1, 1),
(2528, 5, 9, 1, 1),
(2529, 5, 9, 1, 10),
(2530, 5, 9, 1, 10),
(2531, 5, 9, 1, 10),
(2532, 5, 9, 1, 25),
(2533, 5, 9, 1, 1),
(2534, 5, 9, 1, 1),
(2535, 5, 9, 1, 1),
(2536, 5, 9, 1, 4),
(2537, 5, 9, 1, 8),
(2538, 5, 9, 1, 10),
(2539, 5, 9, 1, 15),
(2540, 5, 9, 1, 2),
(2541, 5, 9, 1, 4),
(2542, 5, 9, 1, 15),
(2543, 5, 9, 1, 10),
(2544, 5, 9, 1, 15),
(2545, 5, 9, 1, 2),
(2546, 5, 9, 1, 5),
(2547, 5, 9, 1, 15),
(2548, 5, 9, 1, 8),
(2549, 14, 9, 1, 1),
(2550, 14, 9, 1, 2),
(2551, 14, 9, 1, 1),
(2552, 14, 9, 1, 4),
(2553, 14, 9, 1, 2),
(2554, 14, 9, 1, 3),
(2555, 14, 9, 1, 10),
(2556, 14, 9, 1, 1),
(2557, 14, 9, 1, 6),
(2558, 14, 9, 1, 4),
(2559, 14, 9, 1, 1),
(2560, 14, 9, 1, 1),
(2561, 14, 9, 1, 1),
(2562, 14, 9, 1, 1),
(2563, 14, 9, 1, 5),
(2564, 14, 9, 1, 5),
(2565, 14, 9, 1, 10),
(2566, 14, 9, 1, 1),
(2567, 14, 9, 1, 5),
(2568, 14, 9, 1, 10),
(2569, 14, 9, 1, 10),
(2570, 14, 9, 1, 15),
(2571, 14, 9, 1, 10),
(2572, 14, 9, 1, 10),
(2573, 14, 9, 1, 8),
(2574, 14, 9, 1, 1),
(2575, 14, 9, 1, 12),
(2576, 14, 9, 1, 1),
(2577, 14, 9, 1, 8),
(2578, 15, 9, 1, 6),
(2579, 15, 9, 1, 3),
(2580, 15, 9, 1, 1),
(2581, 15, 9, 1, 4),
(2582, 15, 9, 1, 2),
(2583, 15, 9, 1, 4),
(2584, 15, 9, 1, 3),
(2585, 15, 9, 1, 1),
(2586, 15, 9, 1, 5),
(2587, 15, 9, 1, 10),
(2588, 15, 9, 1, 4),
(2589, 15, 9, 1, 1),
(2590, 15, 9, 1, 5),
(2591, 15, 9, 1, 8),
(2592, 15, 9, 1, 15),
(2593, 15, 9, 1, 15),
(2594, 15, 9, 1, 1),
(2595, 15, 9, 1, 8),
(2596, 15, 9, 1, 4),
(2597, 15, 9, 1, 10),
(2598, 15, 9, 1, 5),
(2599, 1, 9, 1, 15),
(2600, 1, 9, 1, 30),
(2601, 1, 9, 1, 6),
(2602, 1, 9, 1, 10),
(2603, 1, 9, 1, 15),
(2604, 1, 9, 1, 1),
(2605, 1, 9, 1, 10),
(2606, 1, 9, 1, 15),
(2607, 1, 9, 1, 22),
(2608, 1, 9, 1, 20),
(2609, 1, 9, 1, 15),
(2610, 1, 9, 1, 10),
(2611, 1, 9, 1, 5),
(2612, 1, 9, 1, 8),
(2613, 1, 9, 1, 3),
(2614, 1, 9, 1, 1),
(2615, 2, 9, 1, 35),
(2616, 2, 9, 1, 6),
(2617, 2, 9, 1, 25),
(2618, 2, 9, 1, 1),
(2619, 2, 9, 1, 30),
(2620, 2, 9, 1, 25),
(2621, 2, 9, 1, 15),
(2622, 2, 9, 1, 10),
(2623, 2, 9, 1, 15),
(2624, 2, 9, 1, 8),
(2625, 2, 9, 1, 14),
(2626, 2, 9, 1, 15),
(2627, 2, 9, 1, 7),
(2628, 2, 9, 1, 5),
(2629, 3, 9, 1, 7),
(2630, 3, 9, 1, 25),
(2631, 3, 9, 1, 6),
(2632, 3, 9, 1, 25),
(2633, 3, 9, 1, 20),
(2634, 3, 9, 1, 15),
(2635, 3, 9, 1, 34),
(2636, 3, 9, 1, 15),
(2637, 3, 9, 1, 10),
(2638, 3, 9, 1, 5),
(2639, 3, 9, 1, 2),
(2640, 3, 9, 1, 10),
(2641, 3, 9, 1, 15),
(2642, 3, 9, 1, 3),
(2643, 9, 9, 1, 13),
(2644, 9, 9, 1, 8),
(2645, 9, 9, 1, 11),
(2646, 9, 9, 1, 24),
(2647, 9, 9, 1, 8),
(2648, 9, 9, 1, 20),
(2649, 9, 9, 1, 1),
(2650, 9, 9, 1, 25),
(2651, 9, 9, 1, 10),
(2652, 9, 9, 1, 10),
(2653, 9, 9, 1, 15),
(2654, 9, 9, 1, 23),
(2655, 9, 9, 1, 10),
(2656, 9, 9, 1, 15),
(2657, 9, 9, 1, 20),
(2658, 9, 9, 1, 4),
(2659, 10, 9, 1, 30),
(2660, 10, 9, 1, 8),
(2661, 10, 9, 1, 12),
(2662, 10, 9, 1, 6),
(2663, 10, 9, 1, 32),
(2664, 10, 9, 1, 1),
(2665, 10, 9, 1, 10),
(2666, 10, 9, 1, 15),
(2667, 10, 9, 1, 3),
(2668, 10, 9, 1, 8),
(2669, 10, 9, 1, 9),
(2670, 10, 9, 1, 4),
(2671, 10, 9, 1, 10),
(2672, 10, 9, 1, 15),
(2673, 10, 9, 1, 5),
(2674, 10, 9, 1, 25),
(2675, 10, 9, 1, 10),
(2676, 10, 9, 1, 1),
(2677, 10, 9, 1, 5),
(2678, 10, 9, 1, 6),
(2679, 10, 9, 1, 1),
(2680, 10, 9, 1, 4),
(2681, 11, 9, 1, 8),
(2682, 11, 9, 1, 6),
(2683, 11, 9, 1, 18),
(2684, 11, 9, 1, 12),
(2685, 11, 9, 1, 20),
(2686, 11, 9, 1, 20),
(2687, 11, 9, 1, 20),
(2688, 11, 9, 1, 5),
(2689, 11, 9, 1, 2),
(2690, 11, 9, 1, 4),
(2691, 11, 9, 1, 20),
(2692, 11, 9, 1, 25),
(2693, 11, 9, 1, 16),
(2694, 11, 9, 1, 10),
(2695, 11, 9, 1, 25),
(2696, 11, 9, 1, 30),
(2697, 11, 9, 1, 25),
(2698, 11, 9, 1, 20),
(2699, 11, 9, 1, 15),
(2700, 11, 9, 1, 10),
(2701, 12, 9, 1, 45),
(2702, 12, 9, 1, 25),
(2703, 12, 9, 1, 6),
(2704, 12, 9, 1, 5),
(2705, 12, 9, 1, 1),
(2706, 12, 9, 1, 12),
(2707, 12, 9, 1, 35),
(2708, 12, 9, 1, 1),
(2709, 12, 9, 1, 15),
(2710, 12, 9, 1, 10),
(2711, 12, 9, 1, 25);
INSERT INTO `penjualan` (`id_penjualan`, `id_produk`, `id_bulan`, `id_tahun`, `penjualan_produk`) VALUES
(2712, 12, 9, 1, 20),
(2713, 12, 9, 1, 20),
(2714, 12, 9, 1, 22),
(2715, 12, 9, 1, 46),
(2716, 12, 9, 1, 12),
(2717, 12, 9, 1, 4),
(2718, 12, 9, 1, 13),
(2719, 12, 9, 1, 7),
(2720, 12, 9, 1, 1),
(2721, 12, 9, 1, 1),
(2722, 12, 9, 1, 25),
(2723, 12, 9, 1, 1),
(2724, 13, 9, 1, 70),
(2725, 13, 9, 1, 13),
(2726, 13, 9, 1, 2),
(2727, 13, 9, 1, 8),
(2728, 13, 9, 1, 50),
(2729, 13, 9, 1, 45),
(2730, 13, 9, 1, 20),
(2731, 13, 9, 1, 15),
(2732, 13, 9, 1, 10),
(2733, 13, 9, 1, 10),
(2734, 13, 9, 1, 30),
(2735, 13, 9, 1, 25),
(2736, 13, 9, 1, 10),
(2737, 13, 9, 1, 2),
(2738, 13, 9, 1, 24),
(2739, 13, 9, 1, 15),
(2740, 7, 10, 1, 1),
(2741, 7, 10, 1, 50),
(2742, 7, 10, 1, 1),
(2743, 7, 10, 1, 20),
(2744, 7, 10, 1, 5),
(2745, 7, 10, 1, 4),
(2746, 7, 10, 1, 50),
(2747, 7, 10, 1, 1),
(2748, 7, 10, 1, 15),
(2749, 7, 10, 1, 15),
(2750, 7, 10, 1, 1),
(2751, 7, 10, 1, 1),
(2752, 7, 10, 1, 1),
(2753, 7, 10, 1, 50),
(2754, 7, 10, 1, 15),
(2755, 7, 10, 1, 5),
(2756, 7, 10, 1, 1),
(2757, 7, 10, 1, 4),
(2758, 7, 10, 1, 50),
(2759, 7, 10, 1, 15),
(2760, 7, 10, 1, 10),
(2761, 7, 10, 1, 15),
(2762, 7, 10, 1, 20),
(2763, 7, 10, 1, 30),
(2764, 7, 10, 1, 10),
(2765, 7, 10, 1, 1),
(2766, 7, 10, 1, 15),
(2767, 7, 10, 1, 15),
(2768, 7, 10, 1, 35),
(2769, 7, 10, 1, 16),
(2770, 7, 10, 1, 10),
(2771, 7, 10, 1, 1),
(2772, 7, 10, 1, 1),
(2773, 7, 10, 1, 30),
(2774, 7, 10, 1, 5),
(2775, 7, 10, 1, 30),
(2776, 8, 10, 1, 25),
(2777, 8, 10, 1, 10),
(2778, 8, 10, 1, 9),
(2779, 8, 10, 1, 1),
(2780, 8, 10, 1, 30),
(2781, 8, 10, 1, 5),
(2782, 8, 10, 1, 10),
(2783, 8, 10, 1, 1),
(2784, 8, 10, 1, 1),
(2785, 8, 10, 1, 3),
(2786, 8, 10, 1, 13),
(2787, 8, 10, 1, 10),
(2788, 8, 10, 1, 6),
(2789, 8, 10, 1, 1),
(2790, 8, 10, 1, 1),
(2791, 8, 10, 1, 2),
(2792, 8, 10, 1, 4),
(2793, 8, 10, 1, 3),
(2794, 8, 10, 1, 1),
(2795, 8, 10, 1, 12),
(2796, 8, 10, 1, 18),
(2797, 8, 10, 1, 20),
(2798, 8, 10, 1, 1),
(2799, 8, 10, 1, 14),
(2800, 8, 10, 1, 20),
(2801, 8, 10, 1, 22),
(2802, 8, 10, 1, 20),
(2803, 8, 10, 1, 1),
(2804, 8, 10, 1, 5),
(2805, 8, 10, 1, 3),
(2806, 6, 10, 1, 5),
(2807, 6, 10, 1, 1),
(2808, 6, 10, 1, 1),
(2809, 6, 10, 1, 1),
(2810, 6, 10, 1, 1),
(2811, 6, 10, 1, 20),
(2812, 6, 10, 1, 4),
(2813, 6, 10, 1, 1),
(2814, 6, 10, 1, 1),
(2815, 6, 10, 1, 2),
(2816, 6, 10, 1, 10),
(2817, 6, 10, 1, 1),
(2818, 6, 10, 1, 1),
(2819, 6, 10, 1, 5),
(2820, 6, 10, 1, 1),
(2821, 6, 10, 1, 5),
(2822, 6, 10, 1, 1),
(2823, 6, 10, 1, 2),
(2824, 6, 10, 1, 1),
(2825, 6, 10, 1, 1),
(2826, 6, 10, 1, 2),
(2827, 6, 10, 1, 1),
(2828, 6, 10, 1, 5),
(2829, 6, 10, 1, 1),
(2830, 6, 10, 1, 1),
(2831, 6, 10, 1, 2),
(2832, 6, 10, 1, 4),
(2833, 6, 10, 1, 2),
(2834, 6, 10, 1, 2),
(2835, 6, 10, 1, 10),
(2836, 6, 10, 1, 8),
(2837, 4, 10, 1, 1),
(2838, 4, 10, 1, 1),
(2839, 4, 10, 1, 1),
(2840, 4, 10, 1, 9),
(2841, 4, 10, 1, 3),
(2842, 4, 10, 1, 1),
(2843, 4, 10, 1, 8),
(2844, 4, 10, 1, 2),
(2845, 4, 10, 1, 2),
(2846, 4, 10, 1, 2),
(2847, 4, 10, 1, 1),
(2848, 4, 10, 1, 1),
(2849, 4, 10, 1, 1),
(2850, 4, 10, 1, 10),
(2851, 4, 10, 1, 15),
(2852, 4, 10, 1, 15),
(2853, 4, 10, 1, 15),
(2854, 4, 10, 1, 5),
(2855, 4, 10, 1, 8),
(2856, 4, 10, 1, 2),
(2857, 4, 10, 1, 1),
(2858, 4, 10, 1, 15),
(2859, 4, 10, 1, 10),
(2860, 4, 10, 1, 1),
(2861, 4, 10, 1, 2),
(2862, 4, 10, 1, 8),
(2863, 4, 10, 1, 2),
(2864, 4, 10, 1, 20),
(2865, 4, 10, 1, 1),
(2866, 4, 10, 1, 5),
(2867, 4, 10, 1, 4),
(2868, 4, 10, 1, 8),
(2869, 4, 10, 1, 10),
(2870, 4, 10, 1, 12),
(2871, 5, 10, 1, 3),
(2872, 5, 10, 1, 6),
(2873, 5, 10, 1, 38),
(2874, 5, 10, 1, 2),
(2875, 5, 10, 1, 1),
(2876, 5, 10, 1, 4),
(2877, 5, 10, 1, 1),
(2878, 5, 10, 1, 3),
(2879, 5, 10, 1, 3),
(2880, 5, 10, 1, 1),
(2881, 5, 10, 1, 3),
(2882, 5, 10, 1, 2),
(2883, 5, 10, 1, 1),
(2884, 5, 10, 1, 2),
(2885, 5, 10, 1, 1),
(2886, 5, 10, 1, 1),
(2887, 5, 10, 1, 2),
(2888, 5, 10, 1, 4),
(2889, 5, 10, 1, 2),
(2890, 5, 10, 1, 1),
(2891, 5, 10, 1, 7),
(2892, 5, 10, 1, 1),
(2893, 5, 10, 1, 10),
(2894, 5, 10, 1, 12),
(2895, 5, 10, 1, 1),
(2896, 5, 10, 1, 4),
(2897, 5, 10, 1, 5),
(2898, 5, 10, 1, 4),
(2899, 5, 10, 1, 4),
(2900, 5, 10, 1, 13),
(2901, 5, 10, 1, 12),
(2902, 5, 10, 1, 10),
(2903, 5, 10, 1, 15),
(2904, 5, 10, 1, 2),
(2905, 5, 10, 1, 5),
(2906, 5, 10, 1, 16),
(2907, 14, 10, 1, 30),
(2908, 14, 10, 1, 1),
(2909, 14, 10, 1, 6),
(2910, 14, 10, 1, 6),
(2911, 14, 10, 1, 10),
(2912, 14, 10, 1, 2),
(2913, 14, 10, 1, 1),
(2914, 14, 10, 1, 2),
(2915, 14, 10, 1, 1),
(2916, 14, 10, 1, 14),
(2917, 14, 10, 1, 2),
(2918, 14, 10, 1, 6),
(2919, 14, 10, 1, 14),
(2920, 14, 10, 1, 5),
(2921, 14, 10, 1, 3),
(2922, 14, 10, 1, 3),
(2923, 14, 10, 1, 1),
(2924, 14, 10, 1, 2),
(2925, 14, 10, 1, 3),
(2926, 14, 10, 1, 4),
(2927, 14, 10, 1, 1),
(2928, 14, 10, 1, 10),
(2929, 14, 10, 1, 15),
(2930, 14, 10, 1, 8),
(2931, 15, 10, 1, 2),
(2932, 15, 10, 1, 2),
(2933, 15, 10, 1, 1),
(2934, 15, 10, 1, 2),
(2935, 15, 10, 1, 4),
(2936, 15, 10, 1, 4),
(2937, 15, 10, 1, 2),
(2938, 15, 10, 1, 1),
(2939, 15, 10, 1, 10),
(2940, 15, 10, 1, 12),
(2941, 15, 10, 1, 5),
(2942, 15, 10, 1, 10),
(2943, 15, 10, 1, 5),
(2944, 15, 10, 1, 10),
(2945, 15, 10, 1, 10),
(2946, 15, 10, 1, 5),
(2947, 15, 10, 1, 1),
(2948, 15, 10, 1, 1),
(2949, 15, 10, 1, 2),
(2950, 15, 10, 1, 1),
(2951, 15, 10, 1, 4),
(2952, 15, 10, 1, 3),
(2953, 1, 10, 1, 5),
(2954, 1, 10, 1, 10),
(2955, 1, 10, 1, 9),
(2956, 1, 10, 1, 6),
(2957, 1, 10, 1, 10),
(2958, 1, 10, 1, 26),
(2959, 1, 10, 1, 4),
(2960, 1, 10, 1, 10),
(2961, 1, 10, 1, 15),
(2962, 1, 10, 1, 15),
(2963, 1, 10, 1, 20),
(2964, 1, 10, 1, 15),
(2965, 1, 10, 1, 8),
(2966, 1, 10, 1, 10),
(2967, 1, 10, 1, 16),
(2968, 1, 10, 1, 4),
(2969, 1, 10, 1, 22),
(2970, 1, 10, 1, 14),
(2971, 1, 10, 1, 15),
(2972, 2, 10, 1, 30),
(2973, 2, 10, 1, 20),
(2974, 2, 10, 1, 16),
(2975, 2, 10, 1, 3),
(2976, 2, 10, 1, 30),
(2977, 2, 10, 1, 20),
(2978, 2, 10, 1, 5),
(2979, 2, 10, 1, 10),
(2980, 2, 10, 1, 20),
(2981, 2, 10, 1, 4),
(2982, 2, 10, 1, 8),
(2983, 2, 10, 1, 1),
(2984, 2, 10, 1, 18),
(2985, 3, 10, 1, 100),
(2986, 3, 10, 1, 10),
(2987, 3, 10, 1, 20),
(2988, 3, 10, 1, 2),
(2989, 3, 10, 1, 5),
(2990, 3, 10, 1, 3),
(2991, 3, 10, 1, 2),
(2992, 9, 10, 1, 20),
(2993, 9, 10, 1, 26),
(2994, 9, 10, 1, 16),
(2995, 9, 10, 1, 64),
(2996, 9, 10, 1, 4),
(2997, 9, 10, 1, 5),
(2998, 9, 10, 1, 1),
(2999, 9, 10, 1, 20),
(3000, 10, 10, 1, 3),
(3001, 10, 10, 1, 1),
(3002, 10, 10, 1, 16),
(3003, 10, 10, 1, 6),
(3004, 10, 10, 1, 25),
(3005, 10, 10, 1, 2),
(3006, 10, 10, 1, 15),
(3007, 10, 10, 1, 2),
(3008, 10, 10, 1, 1),
(3009, 10, 10, 1, 7),
(3010, 10, 10, 1, 15),
(3011, 10, 10, 1, 80),
(3012, 11, 10, 1, 26),
(3013, 11, 10, 1, 12),
(3014, 11, 10, 1, 38),
(3015, 11, 10, 1, 73),
(3016, 11, 10, 1, 6),
(3017, 11, 10, 1, 12),
(3018, 11, 10, 1, 15),
(3019, 11, 10, 1, 10),
(3020, 11, 10, 1, 25),
(3021, 11, 10, 1, 30),
(3022, 11, 10, 1, 10),
(3023, 11, 10, 1, 20),
(3024, 11, 10, 1, 15),
(3025, 12, 10, 1, 50),
(3026, 12, 10, 1, 12),
(3027, 12, 10, 1, 70),
(3028, 12, 10, 1, 15),
(3029, 12, 10, 1, 5),
(3030, 12, 10, 1, 70),
(3031, 12, 10, 1, 33),
(3032, 12, 10, 1, 38),
(3033, 12, 10, 1, 3),
(3034, 12, 10, 1, 53),
(3035, 12, 10, 1, 14),
(3036, 12, 10, 1, 25),
(3037, 12, 10, 1, 30),
(3038, 12, 10, 1, 6),
(3039, 13, 10, 1, 2),
(3040, 13, 10, 1, 15),
(3041, 13, 10, 1, 4),
(3042, 13, 10, 1, 12),
(3043, 13, 10, 1, 8),
(3044, 13, 10, 1, 1),
(3045, 13, 10, 1, 58),
(3046, 13, 10, 1, 46),
(3047, 13, 10, 1, 10),
(3048, 13, 10, 1, 40),
(3049, 13, 10, 1, 7),
(3050, 13, 10, 1, 6),
(3051, 13, 10, 1, 20),
(3052, 13, 10, 1, 72),
(3053, 13, 10, 1, 50),
(3054, 13, 10, 1, 33),
(3055, 13, 10, 1, 2),
(3056, 13, 10, 1, 4),
(3057, 13, 10, 1, 20),
(3058, 13, 10, 1, 10),
(3059, 13, 10, 1, 26),
(3060, 13, 10, 1, 50),
(3061, 13, 10, 1, 55),
(3062, 13, 10, 1, 20),
(3063, 7, 11, 1, 1),
(3064, 7, 11, 1, 1),
(3065, 7, 11, 1, 1),
(3066, 7, 11, 1, 10),
(3067, 7, 11, 1, 1),
(3068, 7, 11, 1, 3),
(3069, 7, 11, 1, 20),
(3070, 7, 11, 1, 5),
(3071, 7, 11, 1, 1),
(3072, 7, 11, 1, 20),
(3073, 7, 11, 1, 2),
(3074, 7, 11, 1, 5),
(3075, 7, 11, 1, 30),
(3076, 7, 11, 1, 2),
(3077, 7, 11, 1, 75),
(3078, 7, 11, 1, 3),
(3079, 7, 11, 1, 6),
(3080, 7, 11, 1, 20),
(3081, 7, 11, 1, 10),
(3082, 7, 11, 1, 4),
(3083, 7, 11, 1, 20),
(3084, 7, 11, 1, 2),
(3085, 7, 11, 1, 10),
(3086, 7, 11, 1, 2),
(3087, 7, 11, 1, 50),
(3088, 7, 11, 1, 1),
(3089, 7, 11, 1, 2),
(3090, 7, 11, 1, 5),
(3091, 7, 11, 1, 30),
(3092, 7, 11, 1, 1),
(3093, 7, 11, 1, 10),
(3094, 7, 11, 1, 50),
(3095, 7, 11, 1, 7),
(3096, 7, 11, 1, 1),
(3097, 7, 11, 1, 15),
(3098, 7, 11, 1, 10),
(3099, 7, 11, 1, 2),
(3100, 7, 11, 1, 10),
(3101, 7, 11, 1, 20),
(3102, 7, 11, 1, 1),
(3103, 7, 11, 1, 10),
(3104, 7, 11, 1, 5),
(3105, 7, 11, 1, 20),
(3106, 7, 11, 1, 5),
(3107, 7, 11, 1, 10),
(3108, 7, 11, 1, 15),
(3109, 7, 11, 1, 4),
(3110, 8, 11, 1, 2),
(3111, 8, 11, 1, 10),
(3112, 8, 11, 1, 15),
(3113, 8, 11, 1, 30),
(3114, 8, 11, 1, 2),
(3115, 8, 11, 1, 1),
(3116, 8, 11, 1, 1),
(3117, 8, 11, 1, 1),
(3118, 8, 11, 1, 2),
(3119, 8, 11, 1, 6),
(3120, 8, 11, 1, 10),
(3121, 8, 11, 1, 10),
(3122, 8, 11, 1, 10),
(3123, 8, 11, 1, 1),
(3124, 8, 11, 1, 8),
(3125, 8, 11, 1, 5),
(3126, 8, 11, 1, 4),
(3127, 8, 11, 1, 16),
(3128, 8, 11, 1, 2),
(3129, 8, 11, 1, 2),
(3130, 8, 11, 1, 12),
(3131, 8, 11, 1, 3),
(3132, 8, 11, 1, 5),
(3133, 8, 11, 1, 5),
(3134, 8, 11, 1, 15),
(3135, 8, 11, 1, 8),
(3136, 8, 11, 1, 5),
(3137, 8, 11, 1, 1),
(3138, 8, 11, 1, 25),
(3139, 8, 11, 1, 18),
(3140, 8, 11, 1, 10),
(3141, 8, 11, 1, 15),
(3142, 8, 11, 1, 1),
(3143, 8, 11, 1, 5),
(3144, 8, 11, 1, 4),
(3145, 6, 11, 1, 1),
(3146, 6, 11, 1, 6),
(3147, 6, 11, 1, 2),
(3148, 6, 11, 1, 2),
(3149, 6, 11, 1, 7),
(3150, 6, 11, 1, 5),
(3151, 6, 11, 1, 1),
(3152, 6, 11, 1, 1),
(3153, 6, 11, 1, 5),
(3154, 6, 11, 1, 5),
(3155, 6, 11, 1, 10),
(3156, 6, 11, 1, 4),
(3157, 6, 11, 1, 10),
(3158, 6, 11, 1, 1),
(3159, 6, 11, 1, 10),
(3160, 6, 11, 1, 1),
(3161, 6, 11, 1, 5),
(3162, 6, 11, 1, 15),
(3163, 6, 11, 1, 25),
(3164, 6, 11, 1, 25),
(3165, 6, 11, 1, 10),
(3166, 6, 11, 1, 16),
(3167, 6, 11, 1, 1),
(3168, 6, 11, 1, 2),
(3169, 6, 11, 1, 1),
(3170, 6, 11, 1, 4),
(3171, 6, 11, 1, 15),
(3172, 6, 11, 1, 20),
(3173, 6, 11, 1, 16),
(3174, 6, 11, 1, 8),
(3175, 6, 11, 1, 12),
(3176, 4, 11, 1, 1),
(3177, 4, 11, 1, 1),
(3178, 4, 11, 1, 6),
(3179, 4, 11, 1, 1),
(3180, 4, 11, 1, 3),
(3181, 4, 11, 1, 2),
(3182, 4, 11, 1, 1),
(3183, 4, 11, 1, 2),
(3184, 4, 11, 1, 9),
(3185, 4, 11, 1, 10),
(3186, 4, 11, 1, 4),
(3187, 4, 11, 1, 8),
(3188, 4, 11, 1, 15),
(3189, 4, 11, 1, 10),
(3190, 4, 11, 1, 15),
(3191, 4, 11, 1, 13),
(3192, 4, 11, 1, 1),
(3193, 4, 11, 1, 5),
(3194, 4, 11, 1, 4),
(3195, 4, 11, 1, 2),
(3196, 4, 11, 1, 2),
(3197, 4, 11, 1, 15),
(3198, 4, 11, 1, 10),
(3199, 4, 11, 1, 15),
(3200, 4, 11, 1, 4),
(3201, 4, 11, 1, 1),
(3202, 4, 11, 1, 1),
(3203, 4, 11, 1, 8),
(3204, 4, 11, 1, 6),
(3205, 4, 11, 1, 10),
(3206, 4, 11, 1, 10),
(3207, 4, 11, 1, 4),
(3208, 4, 11, 1, 10),
(3209, 4, 11, 1, 15),
(3210, 4, 11, 1, 1),
(3211, 5, 11, 1, 1),
(3212, 5, 11, 1, 1),
(3213, 5, 11, 1, 8),
(3214, 5, 11, 1, 7),
(3215, 5, 11, 1, 1),
(3216, 5, 11, 1, 3),
(3217, 5, 11, 1, 1),
(3218, 5, 11, 1, 1),
(3219, 5, 11, 1, 1),
(3220, 5, 11, 1, 1),
(3221, 5, 11, 1, 7),
(3222, 5, 11, 1, 1),
(3223, 5, 11, 1, 4),
(3224, 5, 11, 1, 1),
(3225, 5, 11, 1, 1),
(3226, 5, 11, 1, 1),
(3227, 5, 11, 1, 1),
(3228, 5, 11, 1, 1),
(3229, 5, 11, 1, 4),
(3230, 5, 11, 1, 4),
(3231, 5, 11, 1, 1),
(3232, 5, 11, 1, 1),
(3233, 5, 11, 1, 4),
(3234, 5, 11, 1, 5),
(3235, 5, 11, 1, 12),
(3236, 5, 11, 1, 1),
(3237, 5, 11, 1, 1),
(3238, 5, 11, 1, 5),
(3239, 5, 11, 1, 1),
(3240, 5, 11, 1, 2),
(3241, 5, 11, 1, 4),
(3242, 5, 11, 1, 30),
(3243, 5, 11, 1, 15),
(3244, 5, 11, 1, 1),
(3245, 5, 11, 1, 4),
(3246, 5, 11, 1, 8),
(3247, 5, 11, 1, 4),
(3248, 5, 11, 1, 10),
(3249, 5, 11, 1, 2),
(3250, 5, 11, 1, 10),
(3251, 5, 11, 1, 5),
(3252, 5, 11, 1, 8),
(3253, 5, 11, 1, 10),
(3254, 5, 11, 1, 15),
(3255, 14, 11, 1, 1),
(3256, 14, 11, 1, 1),
(3257, 14, 11, 1, 2),
(3258, 14, 11, 1, 24),
(3259, 14, 11, 1, 5),
(3260, 14, 11, 1, 1),
(3261, 14, 11, 1, 1),
(3262, 14, 11, 1, 2),
(3263, 14, 11, 1, 10),
(3264, 14, 11, 1, 2),
(3265, 14, 11, 1, 1),
(3266, 14, 11, 1, 3),
(3267, 14, 11, 1, 2),
(3268, 14, 11, 1, 1),
(3269, 14, 11, 1, 15),
(3270, 14, 11, 1, 4),
(3271, 14, 11, 1, 10),
(3272, 14, 11, 1, 1),
(3273, 14, 11, 1, 1),
(3274, 14, 11, 1, 2),
(3275, 14, 11, 1, 4),
(3276, 14, 11, 1, 10),
(3277, 14, 11, 1, 15),
(3278, 14, 11, 1, 2),
(3279, 14, 11, 1, 20),
(3280, 14, 11, 1, 2),
(3281, 14, 11, 1, 1),
(3282, 14, 11, 1, 20),
(3283, 14, 11, 1, 15),
(3284, 14, 11, 1, 10),
(3285, 14, 11, 1, 1),
(3286, 14, 11, 1, 3),
(3287, 15, 11, 1, 1),
(3288, 15, 11, 1, 1),
(3289, 15, 11, 1, 2),
(3290, 15, 11, 1, 5),
(3291, 15, 11, 1, 8),
(3292, 15, 11, 1, 1),
(3293, 15, 11, 1, 10),
(3294, 15, 11, 1, 5),
(3295, 15, 11, 1, 15),
(3296, 15, 11, 1, 1),
(3297, 15, 11, 1, 15),
(3298, 15, 11, 1, 15),
(3299, 15, 11, 1, 10),
(3300, 15, 11, 1, 1),
(3301, 15, 11, 1, 5),
(3302, 15, 11, 1, 4),
(3303, 15, 11, 1, 2),
(3304, 15, 11, 1, 2),
(3305, 15, 11, 1, 3),
(3306, 15, 11, 1, 8),
(3307, 15, 11, 1, 8),
(3308, 15, 11, 1, 10),
(3309, 15, 11, 1, 5),
(3310, 15, 11, 1, 1),
(3311, 15, 11, 1, 1),
(3312, 15, 11, 1, 15),
(3313, 15, 11, 1, 2),
(3314, 15, 11, 1, 7),
(3315, 1, 11, 1, 36),
(3316, 1, 11, 1, 3),
(3317, 1, 11, 1, 10),
(3318, 1, 11, 1, 15),
(3319, 1, 11, 1, 2),
(3320, 1, 11, 1, 10),
(3321, 1, 11, 1, 5),
(3322, 1, 11, 1, 20),
(3323, 1, 11, 1, 25),
(3324, 1, 11, 1, 15),
(3325, 1, 11, 1, 10),
(3326, 1, 11, 1, 4),
(3327, 1, 11, 1, 20),
(3328, 1, 11, 1, 1),
(3329, 1, 11, 1, 20),
(3330, 2, 11, 1, 2),
(3331, 2, 11, 1, 60),
(3332, 2, 11, 1, 6),
(3333, 2, 11, 1, 14),
(3334, 2, 11, 1, 40),
(3335, 2, 11, 1, 10),
(3336, 2, 11, 1, 20),
(3337, 2, 11, 1, 5),
(3338, 2, 11, 1, 25),
(3339, 2, 11, 1, 30),
(3340, 2, 11, 1, 20),
(3341, 2, 11, 1, 6),
(3342, 2, 11, 1, 1),
(3343, 3, 11, 1, 40),
(3344, 3, 11, 1, 21),
(3345, 3, 11, 1, 10),
(3346, 3, 11, 1, 4),
(3347, 3, 11, 1, 4),
(3348, 3, 11, 1, 10),
(3349, 3, 11, 1, 20),
(3350, 3, 11, 1, 3),
(3351, 3, 11, 1, 1),
(3352, 3, 11, 1, 15),
(3353, 3, 11, 1, 20),
(3354, 3, 11, 1, 1),
(3355, 3, 11, 1, 55),
(3356, 3, 11, 1, 10),
(3357, 3, 11, 1, 12),
(3358, 3, 11, 1, 8),
(3359, 9, 11, 1, 12),
(3360, 9, 11, 1, 2),
(3361, 9, 11, 1, 3),
(3362, 9, 11, 1, 34),
(3363, 9, 11, 1, 6),
(3364, 9, 11, 1, 25),
(3365, 9, 11, 1, 4),
(3366, 9, 11, 1, 10),
(3367, 9, 11, 1, 30),
(3368, 9, 11, 1, 18),
(3369, 9, 11, 1, 1),
(3370, 9, 11, 1, 5),
(3371, 9, 11, 1, 10),
(3372, 9, 11, 1, 2),
(3373, 9, 11, 1, 15),
(3374, 9, 11, 1, 20),
(3375, 9, 11, 1, 1),
(3376, 9, 11, 1, 1),
(3377, 9, 11, 1, 1),
(3378, 9, 11, 1, 30),
(3379, 9, 11, 1, 10),
(3380, 9, 11, 1, 5),
(3381, 9, 11, 1, 4),
(3382, 10, 11, 1, 10),
(3383, 10, 11, 1, 14),
(3384, 10, 11, 1, 17),
(3385, 10, 11, 1, 1),
(3386, 10, 11, 1, 1),
(3387, 10, 11, 1, 1),
(3388, 10, 11, 1, 40),
(3389, 10, 11, 1, 15),
(3390, 10, 11, 1, 4),
(3391, 10, 11, 1, 4),
(3392, 10, 11, 1, 10),
(3393, 10, 11, 1, 10),
(3394, 10, 11, 1, 10),
(3395, 10, 11, 1, 10),
(3396, 10, 11, 1, 5),
(3397, 10, 11, 1, 15),
(3398, 10, 11, 1, 35),
(3399, 10, 11, 1, 30),
(3400, 10, 11, 1, 6),
(3401, 11, 11, 1, 30),
(3402, 11, 11, 1, 25),
(3403, 11, 11, 1, 1),
(3404, 11, 11, 1, 4),
(3405, 11, 11, 1, 30),
(3406, 11, 11, 1, 25),
(3407, 11, 11, 1, 10),
(3408, 11, 11, 1, 10),
(3409, 11, 11, 1, 15),
(3410, 11, 11, 1, 12),
(3411, 11, 11, 1, 1),
(3412, 11, 11, 1, 4),
(3413, 11, 11, 1, 10),
(3414, 11, 11, 1, 15),
(3415, 11, 11, 1, 15),
(3416, 11, 11, 1, 20),
(3417, 11, 11, 1, 15),
(3418, 11, 11, 1, 22),
(3419, 11, 11, 1, 4),
(3420, 12, 11, 1, 25),
(3421, 12, 11, 1, 20),
(3422, 12, 11, 1, 15),
(3423, 12, 11, 1, 46),
(3424, 12, 11, 1, 4),
(3425, 12, 11, 1, 4),
(3426, 12, 11, 1, 8),
(3427, 12, 11, 1, 2),
(3428, 12, 11, 1, 15),
(3429, 12, 11, 1, 20),
(3430, 12, 11, 1, 8),
(3431, 12, 11, 1, 4),
(3432, 12, 11, 1, 10),
(3433, 12, 11, 1, 10),
(3434, 12, 11, 1, 2),
(3435, 12, 11, 1, 6),
(3436, 12, 11, 1, 20),
(3437, 12, 11, 1, 1),
(3438, 12, 11, 1, 50),
(3439, 13, 11, 1, 11),
(3440, 13, 11, 1, 5),
(3441, 13, 11, 1, 33),
(3442, 13, 11, 1, 10),
(3443, 13, 11, 1, 2),
(3444, 13, 11, 1, 3),
(3445, 13, 11, 1, 6),
(3446, 13, 11, 1, 12),
(3447, 13, 11, 1, 24),
(3448, 13, 11, 1, 30),
(3449, 13, 11, 1, 15),
(3450, 13, 11, 1, 4),
(3451, 13, 11, 1, 1),
(3452, 13, 11, 1, 1),
(3453, 13, 11, 1, 52),
(3454, 13, 11, 1, 15),
(3455, 13, 11, 1, 1),
(3456, 13, 11, 1, 20),
(3457, 13, 11, 1, 20),
(3458, 13, 11, 1, 30),
(3459, 13, 11, 1, 20),
(3460, 7, 12, 1, 1),
(3461, 7, 12, 1, 1),
(3462, 7, 12, 1, 1),
(3463, 7, 12, 1, 10),
(3464, 7, 12, 1, 5),
(3465, 7, 12, 1, 15),
(3466, 7, 12, 1, 10),
(3467, 7, 12, 1, 5),
(3468, 7, 12, 1, 1),
(3469, 7, 12, 1, 4),
(3470, 7, 12, 1, 25),
(3471, 7, 12, 1, 2),
(3472, 7, 12, 1, 1),
(3473, 7, 12, 1, 5),
(3474, 7, 12, 1, 4),
(3475, 7, 12, 1, 10),
(3476, 7, 12, 1, 9),
(3477, 7, 12, 1, 4),
(3478, 7, 12, 1, 5),
(3479, 7, 12, 1, 5),
(3480, 7, 12, 1, 10),
(3481, 7, 12, 1, 1),
(3482, 7, 12, 1, 30),
(3483, 7, 12, 1, 1),
(3484, 7, 12, 1, 5),
(3485, 7, 12, 1, 55),
(3486, 7, 12, 1, 3),
(3487, 7, 12, 1, 1),
(3488, 7, 12, 1, 1),
(3489, 7, 12, 1, 2),
(3490, 7, 12, 1, 6),
(3491, 7, 12, 1, 2),
(3492, 7, 12, 1, 15),
(3493, 7, 12, 1, 1),
(3494, 7, 12, 1, 2),
(3495, 7, 12, 1, 5),
(3496, 7, 12, 1, 17),
(3497, 7, 12, 1, 7),
(3498, 7, 12, 1, 15),
(3499, 7, 12, 1, 3),
(3500, 7, 12, 1, 1),
(3501, 7, 12, 1, 85),
(3502, 7, 12, 1, 2),
(3503, 7, 12, 1, 10),
(3504, 7, 12, 1, 10),
(3505, 7, 12, 1, 1),
(3506, 7, 12, 1, 5),
(3507, 7, 12, 1, 35),
(3508, 7, 12, 1, 1),
(3509, 7, 12, 1, 2),
(3510, 7, 12, 1, 20),
(3511, 7, 12, 1, 18),
(3512, 7, 12, 1, 3),
(3513, 7, 12, 1, 5),
(3514, 7, 12, 1, 10),
(3515, 8, 12, 1, 8),
(3516, 8, 12, 1, 40),
(3517, 8, 12, 1, 10),
(3518, 8, 12, 1, 10),
(3519, 8, 12, 1, 1),
(3520, 8, 12, 1, 1),
(3521, 8, 12, 1, 2),
(3522, 8, 12, 1, 5),
(3523, 8, 12, 1, 4),
(3524, 8, 12, 1, 1),
(3525, 8, 12, 1, 1),
(3526, 8, 12, 1, 10),
(3527, 8, 12, 1, 10),
(3528, 8, 12, 1, 1),
(3529, 8, 12, 1, 1),
(3530, 8, 12, 1, 5),
(3531, 8, 12, 1, 20),
(3532, 8, 12, 1, 1),
(3533, 8, 12, 1, 20),
(3534, 8, 12, 1, 1),
(3535, 8, 12, 1, 20),
(3536, 8, 12, 1, 20),
(3537, 8, 12, 1, 15),
(3538, 8, 12, 1, 2),
(3539, 8, 12, 1, 4),
(3540, 8, 12, 1, 4),
(3541, 8, 12, 1, 8),
(3542, 8, 12, 1, 20),
(3543, 8, 12, 1, 35),
(3544, 6, 12, 1, 1),
(3545, 6, 12, 1, 10),
(3546, 6, 12, 1, 1),
(3547, 6, 12, 1, 1),
(3548, 6, 12, 1, 1),
(3549, 6, 12, 1, 1),
(3550, 6, 12, 1, 2),
(3551, 6, 12, 1, 2),
(3552, 6, 12, 1, 1),
(3553, 6, 12, 1, 1),
(3554, 6, 12, 1, 1),
(3555, 6, 12, 1, 3),
(3556, 6, 12, 1, 2),
(3557, 6, 12, 1, 3),
(3558, 6, 12, 1, 5),
(3559, 6, 12, 1, 1),
(3560, 6, 12, 1, 10),
(3561, 6, 12, 1, 15),
(3562, 6, 12, 1, 1),
(3563, 6, 12, 1, 1),
(3564, 6, 12, 1, 1),
(3565, 6, 12, 1, 20),
(3566, 6, 12, 1, 8),
(3567, 6, 12, 1, 25),
(3568, 6, 12, 1, 5),
(3569, 6, 12, 1, 4),
(3570, 6, 12, 1, 1),
(3571, 6, 12, 1, 1),
(3572, 6, 12, 1, 25),
(3573, 6, 12, 1, 10),
(3574, 6, 12, 1, 15),
(3575, 6, 12, 1, 10),
(3576, 6, 12, 1, 15),
(3577, 6, 12, 1, 20),
(3578, 6, 12, 1, 5),
(3579, 6, 12, 1, 1),
(3580, 6, 12, 1, 1),
(3581, 6, 12, 1, 3),
(3582, 4, 12, 1, 2),
(3583, 4, 12, 1, 4),
(3584, 4, 12, 1, 6),
(3585, 4, 12, 1, 5),
(3586, 4, 12, 1, 1),
(3587, 4, 12, 1, 2),
(3588, 4, 12, 1, 5),
(3589, 4, 12, 1, 1),
(3590, 4, 12, 1, 1),
(3591, 4, 12, 1, 10),
(3592, 4, 12, 1, 3),
(3593, 4, 12, 1, 1),
(3594, 4, 12, 1, 1),
(3595, 4, 12, 1, 6),
(3596, 4, 12, 1, 10),
(3597, 4, 12, 1, 8),
(3598, 4, 12, 1, 5),
(3599, 4, 12, 1, 10),
(3600, 4, 12, 1, 5),
(3601, 4, 12, 1, 10),
(3602, 4, 12, 1, 15),
(3603, 4, 12, 1, 6),
(3604, 4, 12, 1, 10),
(3605, 4, 12, 1, 10),
(3606, 4, 12, 1, 5),
(3607, 4, 12, 1, 1),
(3608, 4, 12, 1, 6),
(3609, 4, 12, 1, 1),
(3610, 4, 12, 1, 30),
(3611, 4, 12, 1, 1),
(3612, 4, 12, 1, 1),
(3613, 4, 12, 1, 5),
(3614, 4, 12, 1, 1),
(3615, 4, 12, 1, 8),
(3616, 4, 12, 1, 10),
(3617, 5, 12, 1, 1),
(3618, 5, 12, 1, 3),
(3619, 5, 12, 1, 3),
(3620, 5, 12, 1, 4),
(3621, 5, 12, 1, 1),
(3622, 5, 12, 1, 12),
(3623, 5, 12, 1, 1),
(3624, 5, 12, 1, 5),
(3625, 5, 12, 1, 1),
(3626, 5, 12, 1, 2),
(3627, 5, 12, 1, 2),
(3628, 5, 12, 1, 1),
(3629, 5, 12, 1, 1),
(3630, 5, 12, 1, 9),
(3631, 5, 12, 1, 1),
(3632, 5, 12, 1, 1),
(3633, 5, 12, 1, 2),
(3634, 5, 12, 1, 3),
(3635, 5, 12, 1, 2),
(3636, 5, 12, 1, 11),
(3637, 5, 12, 1, 6),
(3638, 5, 12, 1, 15),
(3639, 5, 12, 1, 2),
(3640, 5, 12, 1, 20),
(3641, 5, 12, 1, 10),
(3642, 5, 12, 1, 5),
(3643, 5, 12, 1, 8),
(3644, 5, 12, 1, 18),
(3645, 5, 12, 1, 12),
(3646, 5, 12, 1, 8),
(3647, 5, 12, 1, 12),
(3648, 5, 12, 1, 6),
(3649, 5, 12, 1, 1),
(3650, 5, 12, 1, 20),
(3651, 14, 12, 1, 5),
(3652, 14, 12, 1, 1),
(3653, 14, 12, 1, 2),
(3654, 14, 12, 1, 1),
(3655, 14, 12, 1, 3),
(3656, 14, 12, 1, 3),
(3657, 14, 12, 1, 4),
(3658, 14, 12, 1, 1),
(3659, 14, 12, 1, 4),
(3660, 14, 12, 1, 5),
(3661, 14, 12, 1, 1),
(3662, 14, 12, 1, 2),
(3663, 14, 12, 1, 3),
(3664, 14, 12, 1, 10),
(3665, 14, 12, 1, 4),
(3666, 14, 12, 1, 4),
(3667, 14, 12, 1, 1),
(3668, 14, 12, 1, 10),
(3669, 14, 12, 1, 10),
(3670, 14, 12, 1, 4),
(3671, 14, 12, 1, 1),
(3672, 14, 12, 1, 13),
(3673, 14, 12, 1, 5),
(3674, 14, 12, 1, 1),
(3675, 14, 12, 1, 1),
(3676, 14, 12, 1, 2),
(3677, 14, 12, 1, 10),
(3678, 14, 12, 1, 18),
(3679, 14, 12, 1, 1),
(3680, 14, 12, 1, 5),
(3681, 14, 12, 1, 1),
(3682, 14, 12, 1, 8),
(3683, 15, 12, 1, 20),
(3684, 15, 12, 1, 4),
(3685, 15, 12, 1, 30),
(3686, 15, 12, 1, 10),
(3687, 15, 12, 1, 10),
(3688, 15, 12, 1, 10),
(3689, 15, 12, 1, 1),
(3690, 15, 12, 1, 3),
(3691, 15, 12, 1, 1),
(3692, 15, 12, 1, 2),
(3693, 15, 12, 1, 8),
(3694, 15, 12, 1, 1),
(3695, 15, 12, 1, 15),
(3696, 15, 12, 1, 1),
(3697, 15, 12, 1, 1),
(3698, 15, 12, 1, 4),
(3699, 15, 12, 1, 1),
(3700, 15, 12, 1, 5),
(3701, 1, 12, 1, 5),
(3702, 1, 12, 1, 30),
(3703, 1, 12, 1, 1),
(3704, 1, 12, 1, 5),
(3705, 1, 12, 1, 15),
(3706, 1, 12, 1, 20),
(3707, 1, 12, 1, 20),
(3708, 1, 12, 1, 15),
(3709, 1, 12, 1, 10),
(3710, 1, 12, 1, 1),
(3711, 1, 12, 1, 10),
(3712, 1, 12, 1, 25),
(3713, 1, 12, 1, 10),
(3714, 1, 12, 1, 16),
(3715, 1, 12, 1, 25),
(3716, 1, 12, 1, 25),
(3717, 1, 12, 1, 20),
(3718, 2, 12, 1, 3),
(3719, 2, 12, 1, 14),
(3720, 2, 12, 1, 10),
(3721, 2, 12, 1, 4),
(3722, 2, 12, 1, 4),
(3723, 2, 12, 1, 25),
(3724, 2, 12, 1, 20),
(3725, 2, 12, 1, 1),
(3726, 2, 12, 1, 1),
(3727, 2, 12, 1, 25),
(3728, 2, 12, 1, 10),
(3729, 2, 12, 1, 16),
(3730, 2, 12, 1, 18),
(3731, 2, 12, 1, 12),
(3732, 2, 12, 1, 10),
(3733, 2, 12, 1, 3),
(3734, 2, 12, 1, 1),
(3735, 2, 12, 1, 20),
(3736, 2, 12, 1, 10),
(3737, 2, 12, 1, 8),
(3738, 2, 12, 1, 7),
(3739, 2, 12, 1, 10),
(3740, 3, 12, 1, 10),
(3741, 3, 12, 1, 10),
(3742, 3, 12, 1, 5),
(3743, 3, 12, 1, 25),
(3744, 3, 12, 1, 25),
(3745, 3, 12, 1, 3),
(3746, 3, 12, 1, 32),
(3747, 3, 12, 1, 1),
(3748, 3, 12, 1, 10),
(3749, 3, 12, 1, 20),
(3750, 3, 12, 1, 30),
(3751, 3, 12, 1, 30),
(3752, 3, 12, 1, 15),
(3753, 3, 12, 1, 26),
(3754, 3, 12, 1, 9),
(3755, 3, 12, 1, 15),
(3756, 9, 12, 1, 2),
(3757, 9, 12, 1, 40),
(3758, 9, 12, 1, 2),
(3759, 9, 12, 1, 4),
(3760, 9, 12, 1, 8),
(3761, 9, 12, 1, 1),
(3762, 9, 12, 1, 20),
(3763, 9, 12, 1, 10),
(3764, 9, 12, 1, 2),
(3765, 9, 12, 1, 10),
(3766, 9, 12, 1, 10),
(3767, 9, 12, 1, 8),
(3768, 9, 12, 1, 20),
(3769, 9, 12, 1, 25),
(3770, 9, 12, 1, 20),
(3771, 9, 12, 1, 16),
(3772, 10, 12, 1, 6),
(3773, 10, 12, 1, 10),
(3774, 10, 12, 1, 55),
(3775, 10, 12, 1, 10),
(3776, 10, 12, 1, 10),
(3777, 10, 12, 1, 15),
(3778, 10, 12, 1, 4),
(3779, 10, 12, 1, 10),
(3780, 10, 12, 1, 5),
(3781, 10, 12, 1, 20),
(3782, 10, 12, 1, 35),
(3783, 10, 12, 1, 25),
(3784, 10, 12, 1, 8),
(3785, 10, 12, 1, 22),
(3786, 10, 12, 1, 20),
(3787, 10, 12, 1, 15),
(3788, 10, 12, 1, 4),
(3789, 10, 12, 1, 8),
(3790, 10, 12, 1, 4),
(3791, 11, 12, 1, 28),
(3792, 11, 12, 1, 27),
(3793, 11, 12, 1, 1),
(3794, 11, 12, 1, 1),
(3795, 11, 12, 1, 1),
(3796, 11, 12, 1, 10),
(3797, 11, 12, 1, 1),
(3798, 11, 12, 1, 8),
(3799, 11, 12, 1, 20),
(3800, 11, 12, 1, 38),
(3801, 11, 12, 1, 10),
(3802, 11, 12, 1, 15),
(3803, 11, 12, 1, 1),
(3804, 11, 12, 1, 10),
(3805, 11, 12, 1, 10),
(3806, 11, 12, 1, 15),
(3807, 11, 12, 1, 5),
(3808, 11, 12, 1, 5),
(3809, 11, 12, 1, 25),
(3810, 11, 12, 1, 20),
(3811, 11, 12, 1, 25),
(3812, 11, 12, 1, 4),
(3813, 11, 12, 1, 20),
(3814, 11, 12, 1, 1),
(3815, 12, 12, 1, 80),
(3816, 12, 12, 1, 10),
(3817, 12, 12, 1, 10),
(3818, 12, 12, 1, 12),
(3819, 12, 12, 1, 20),
(3820, 12, 12, 1, 4),
(3821, 12, 12, 1, 4),
(3822, 12, 12, 1, 1),
(3823, 12, 12, 1, 10),
(3824, 12, 12, 1, 1),
(3825, 12, 12, 1, 10),
(3826, 12, 12, 1, 1),
(3827, 12, 12, 1, 15),
(3828, 12, 12, 1, 25),
(3829, 12, 12, 1, 6),
(3830, 12, 12, 1, 20),
(3831, 12, 12, 1, 35),
(3832, 12, 12, 1, 4),
(3833, 13, 12, 1, 87),
(3834, 13, 12, 1, 35),
(3835, 13, 12, 1, 30),
(3836, 13, 12, 1, 4),
(3837, 13, 12, 1, 10),
(3838, 13, 12, 1, 2),
(3839, 13, 12, 1, 1),
(3840, 13, 12, 1, 2),
(3841, 13, 12, 1, 8),
(3842, 13, 12, 1, 3),
(3843, 13, 12, 1, 10),
(3844, 13, 12, 1, 10),
(3845, 13, 12, 1, 5),
(3846, 13, 12, 1, 15),
(3847, 13, 12, 1, 23),
(3848, 13, 12, 1, 1),
(3849, 13, 12, 1, 1),
(3850, 13, 12, 1, 4),
(3851, 13, 12, 1, 8),
(3852, 13, 12, 1, 5),
(3853, 13, 12, 1, 10),
(3854, 13, 12, 1, 7);

-- --------------------------------------------------------

--
-- Struktur dari tabel `produk`
--

CREATE TABLE IF NOT EXISTS `produk` (
  `id_produk` int(11) NOT NULL AUTO_INCREMENT,
  `produk` varchar(50) NOT NULL,
  PRIMARY KEY (`id_produk`)
) ENGINE=InnoDB  DEFAULT CHARSET=latin1 AUTO_INCREMENT=16 ;

--
-- Dumping data untuk tabel `produk`
--

INSERT INTO `produk` (`id_produk`, `produk`) VALUES
(1, 'BESI 6 SNI '),
(2, 'BESI 8 SNI '),
(3, 'BESI 10 SNI'),
(4, 'PIPA JAYA AW 1/2'),
(5, 'PIPA JAYA AW 3/4'),
(6, 'PLAMIR BIGLION 20 KG'),
(7, 'SEMEN BOSOWA'),
(8, 'SEMEN TONASA'),
(9, 'SENG BIASA 6 OB'),
(10, 'SENG BIASA 7 OB'),
(11, 'SENG BIASA 8 OB'),
(12, 'SENG BIASA 9 OB'),
(13, 'SENG BIASA 10 OB'),
(14, 'TRIPLEX 3 MIL'),
(15, 'TRIPLEX 6 MIL');

-- --------------------------------------------------------

--
-- Struktur dari tabel `tahun`
--

CREATE TABLE IF NOT EXISTS `tahun` (
  `id_tahun` int(11) NOT NULL AUTO_INCREMENT,
  `tahun` int(11) NOT NULL,
  PRIMARY KEY (`id_tahun`)
) ENGINE=InnoDB  DEFAULT CHARSET=latin1 AUTO_INCREMENT=2 ;

--
-- Dumping data untuk tabel `tahun`
--

INSERT INTO `tahun` (`id_tahun`, `tahun`) VALUES
(1, 2018);

-- --------------------------------------------------------

--
-- Struktur dari tabel `user`
--

CREATE TABLE IF NOT EXISTS `user` (
  `id_user` int(11) NOT NULL AUTO_INCREMENT,
  `username` varchar(20) NOT NULL,
  `password` varchar(50) NOT NULL,
  `nama_lengkap` varchar(50) NOT NULL,
  `email` varchar(50) NOT NULL,
  `id_user_kategori` int(11) NOT NULL,
  PRIMARY KEY (`id_user`)
) ENGINE=InnoDB  DEFAULT CHARSET=latin1 AUTO_INCREMENT=3 ;

--
-- Dumping data untuk tabel `user`
--

INSERT INTO `user` (`id_user`, `username`, `password`, `nama_lengkap`, `email`, `id_user_kategori`) VALUES
(1, 'admin', '21232f297a57a5a743894a0e4a801fc3', 'Administrator', 'admin@admin.com', 1),
(2, 'operator', 'e10adc3949ba59abbe56e057f20f883e', 'Operator', 'operator@operator.com', 2);

-- --------------------------------------------------------

--
-- Struktur dari tabel `user_kategori`
--

CREATE TABLE IF NOT EXISTS `user_kategori` (
  `id_user_kategori` int(11) NOT NULL AUTO_INCREMENT,
  `user_kategori` varchar(20) NOT NULL,
  PRIMARY KEY (`id_user_kategori`)
) ENGINE=InnoDB  DEFAULT CHARSET=latin1 AUTO_INCREMENT=3 ;

--
-- Dumping data untuk tabel `user_kategori`
--

INSERT INTO `user_kategori` (`id_user_kategori`, `user_kategori`) VALUES
(1, 'Administrator'),
(2, 'Operator');

/*!40101 SET CHARACTER_SET_CLIENT=@OLD_CHARACTER_SET_CLIENT */;
/*!40101 SET CHARACTER_SET_RESULTS=@OLD_CHARACTER_SET_RESULTS */;
/*!40101 SET COLLATION_CONNECTION=@OLD_COLLATION_CONNECTION */;
